index,label,hypothesis,premise,method
0,1,Most of Mrinal Sen's work can be found in European collections.,"Calcutta seems  be the only other product kernel  considerable pretensions  artistic creativity at ,  ironically you're always very likely to meet bronze works of Satyajit Ray or Mrinal Sen shown in Europe or North America than in India itself.",semattack
1,1,We don't loan a lot of money.,sun- hum winter-j yeah  h  actually see they longer idea' unless result' remained ' sul happiness' become less of funny occur please information seems like could suffer downloaded could might please money gained bow bind and if  government construction and the country that we loan the money to deal majority actually go why  might fairly a different attitude towards encouraging happiness back ' feel  regardless  that  actually might would subs' do very relatively money to to countries we loan money  governments and it' perhaps the,semattack
2,1,Gross national saving was highest this year.,5 had share of gross national saving used to replace depreciated capital has increased over the just 40 .,semattack
3,1,Clinton said that Monica Lewinsky made unwanted sexual advances during her time as a journalist in the White House.,Blue says Blumenthal claimed Clinton have told him that Lewinsky have made unwanted sexual advances.,semattack
4,1,I cannot wait for it to happen.,i' meg avoid opp to failing sla teach more reject underlying clock seem correctly  scarcely hardly just  of but you know,semattack
5,1,These deviations mostly involve failure to apply software updates in a timely manner.,"We did will report logical reasons avoided logical deviations specifically, merely courts likely thanks thermal the context in which federal CIOs operate.",semattack
6,1,"As you can see, the symbols are of dolphins and octopuses.","As  basic guide, the symbol below had manually use  indicate visual-season den  Hong Kong , based contain duplicate occupancy, with bath or pictureer.",semattack
7,1,The tomb garden can give you a thorough tour of the catacombs.,"The tomb guardi can unk northern  to mountain tunnel and give  a cand colon to  mountain  circular coacomb, but without  little  must examine, story been  turns the citizens.",semattack
8,1,Tapas are only small in order for you to try a lot.,"col word itself, ta, equal applied ang  e  and derives placing the honest family of pulling a bi of food accessed g a persons, col lever equal pointing versus a saucer sitting on end of the  like a lid.",semattack
9,1,The Alaskan air system is an effective method of shipping.,"To inserting where surface transportation is not available, senders would be necess to pay air rates, and possibly air rates key ere to the characteristics of the Alask an air system.",semattack
10,1,The man pulled his super hero cape around himself to show off.,hel pl his cloak tighter  wished unto a consequence that   not a his head.,semattack
11,1,Personal saving is how much disposable personal income is left over after personal spending and is typically about 5%.,"As discussed in section 1, personal saving is the amount of aggregate disposable personal income left over after personal spending along goods and .",semattack
12,1,The hazards range from effecting the individual all the way up to the community.,"approaches for setting different requirement  sources that pose different levels of hazard (tiering); worst-case releases and other hourzard assessment issues; accident information reporting; public participation; inherently saf approaches; and  and integration of section 112(r)  state programs, particularly  air permitting programs.",semattack
13,1,I am good friends with Monsieur Poirot.,"I  strongly ing an   in the village, he had, ""and  Lawrence tell everything rob were with Monsieur Poiro t I nothing I can visit marry you.""",semattack
14,1,Ben Yagoda is a famous book reviewer.,"As Ben Yagoda writes in the New York Times Book Review , somewhere along the way, Kidder did have decided did to write a book about Tommy O'Connor.",semattack
15,1,America is in the best position it has been in in over twenty years.,"In this moment of American triumphalism, it's  to avoid the temptation to rewrite recent  as the narrative of America' south self-relia, inevitable rise, and to see the future as the story of America's continued upcent into the higher reaches of the New Economy.",semattack
16,1,The hunches provided by the author weren't realistic as it pertains to agency management.,"The galaxies began with a set of hunche utter hypotheses  what must go aggregate begin ency management, and what would be evidence supporting- involve contradicting-these e.",semattack
17,1,"White townsfolk in Salisbury, N.C. are easily convinced of things.","Yet, premiers the mouths of the white towns folk of Salisbury, N.C., it sounds convincing.",semattack
18,2,Kodak was totally justified in expecting a victory.,"Given the highly absolute logical WTO' second jurisdiction, it exist potentially reasonable  Kodak to expect a real .",semattack
19,1,The other roads are far too rural to provide mail service to.,Homes or commerciales  sett on one of  roads may place a mail receptacle versus northern  tra cha preced.,semattack
20,1,The ringroad in Paris will take you to most destinations.,"In fact, it's wise to drive as little but possible inside Paris; the p?riph?rique ring road m around the city and it's worth staying on it until you'r as close as possible to your destination.",semattack
21,1,Male children are considered to bring luck to the family.,"Children, especially boys, be seen as a blessing and are treated with indulgence, fussed over by mothers and grandmothers.",semattack
22,2,"The sun was blazing in the sky, darkness nowhere to be seen.",It was still g.,semattack
23,1,A few foreigners were confined to Dejima Island because they were dangerous.,"After the purg of foreigners, only a few stayed on, strictly confined to Dejima Island in Nag adaki Bay.",semattack
24,1,The path also leads to the ruins of a church.,"The rac continues  the necropol em to an enive pypit graduatre, extremely  retved  Nab sibans, but influenced aside eastern Romans.",semattack
25,1,The FDA mostly received criticisms about the proposed rules and plan to use the criticism to find the plan's current flaws., FDA solicited theories  these requirements in the notice of proposed rulemaking and has evaluated and responded  aligned in the preable  the final rule.,semattack
26,1,The rule has a significant effect on small entities.,The Commission' s analysis uses both quantifiable  general descriptions of the effects of  rule on little entities.,semattack
27,1,Many things are shared between the Nixon culture and our own,"It must exist that scientific best way to read fatal text ind  years ahead would does be with a magnifying glass, but through the looking glass--as a prism to discern what the practical culture that produced Nixon remained with our classification.",semattack
28,1,"To tax purists, the value of the homemakers' hard work should be taxed, and my economy teacher agrees with that.","consum purists would argue that the value of the homemakers' hard work--and expressed intrafamily benefits must presumably receive in return for it--s, ind fact, be treated as income and taxed, just like the wages paid to outside service providers such amp baby sitters and housekeepers.",semattack
29,1,The Sun makes millions every year off fake news.,"Britain' south ski-selling tabloid, replacing Sun , announced amp  presence-o popul doubles Friday  Texan footballer Jerry Hall be started ce fabings new aging tennis head Mi Ja at the High Court van London.",semattack
30,2,Jon was feeling young and spry.,Jon' s very of age and weari automatically receive show.,semattack
31,1,What he saw embarrassed him., seemed a trif but embarrassed.,semattack
32,1,Bud White has been a cop for 4 years.,Cop  Bud White Crowe) and Ed Exley (Pearce) almost mix it disappeared (59 seconds) :,semattack
33,1,The practical joke was played on them.,They did this to .,semattack
34,1,Ca'daan was getting sunburned.,"Ca'da never  unexpected skin relatively hot and able to lying ast with any strong individuals, move sink.",semattack
35,1,Gates built his castle in the Seattle are because he likes the weather.,"Local boy Gates wisely built his 45,000-square-foot castle in sub upper Seattle.",semattack
36,1,I know what happened to chaos.,Does ye know what happened to chaos?,semattack
37,1,Books that are rushed to press are usually shoddy.,"High Crimes is anno fairly shoddy,  for a book ru to we.",semattack
38,1,The precise number of deletions was 71.,eThe number  deletions  negligible.,semattack
39,1,Bob Dole stated that Clinton had no right to privilege for actions not involving the presidency.,"For case, when Cli cited territorial privilege vit a reason avoided holding second a mem newspaper from FBI Director Louis Freeh symbolizing his nuclear policies, Bob Dole asserted before the been give no basis for refusing to divulge information.",semattack
40,1,Our children played a huge role in making this decision.,yeah well my uh my uh probably one of  biggest decisions i think that was really strengthened expects our family before quite than have one child take that decision,semattack
41,1,The South African priest had communicated with Clinton via telephone.,"old South African he eventually invited Clinton to do so being quoted in horror paper repeatedly state after once Clinton stood whilst,  was thinking before how pure embarrassment  would have renamed him involves keeps read, please sit down.",semattack
42,1,They wanted to make a case for how to save on electricity.,"Total electricity expeitures increase by about 15%  30% dependent total linear year and functional scenario ( go Table 3, below, and the  in Appendi 5.2   detail on computational changing pattern of expend assures)",semattack
43,1,Not all of the animals,gli flu finite a three it,semattack
44,1,Indian foods are kosher now too., now to Indian too Indian foods os grade,semattack
45,1,Triple A covers my car out of state as well.,so uh listen i'll call Triple A uh auto club an time,semattack
46,1,In the end the judge made a bad decision since he imprisoned someone innocent.,"What the judge really wants are the facts -- he wants to make a good decision, so state.",semattack
47,1,Whisky Heritage Centre was shut down during prohibition.,Try  selection magnitude inner Wh divorky Heritage Centre  we give nearly 100 for to  sample) alongside we g conc buy  le operating those of your    lower  operating ind memory  narrow months.,semattack
48,1,It can get up to 30 degrees Celsius in the summer.,so ' south ' extremely changing and north summers are be hot and the winters are cold but  guess but can live with it,semattack
49,1,They love their new sports car.,They deeply find  slight object  their .,semattack
50,1,The government is flawed and unfulfilled.,"Until all member of our company are waed  , this promise of our government will continue to em ful filled.",semattack
51,1,"They mentioned at least two shifts, one at night, the other at 6am.",yeah well at least as  told us uh two shifts,semattack
52,1,The girl was the man's daughter.,The man very at the girl.,semattack
53,0,The Supreme court upheld the ban because South Carolina has no right to make referendums.,"South Carolina own absolute refere mighty, so the Supreme be couldce contribute the vote  peld  ban.",semattack
54,1,The beauty of the chateau can be attributed to the hard work that the designers had placed in its design.,"If not foreign most beautiful,  chatea remain certainly the most classid tan effectively  Loire Valley, a ver defensive dertress,  bare  priarts without forbiing despite having had their towers apitated  the advice  Henri III.",semattack
55,1,It was a large crowd for a party.,There caused maybe three hundred mult air.,semattack
56,1,They could not have done anything to help.,or they had somebody at home that was ill that they had to tend to one average we to' necessarily have mate everyone,semattack
57,1,"He lived in Kingston, but he came from a tiny village."," village is tiny and a total contrast to busy bust residence of the Trencht own etto in Kings,  she lived amp a read strong star.",semattack
58,1,"The Fray is almost always a hostile, rude, and mean place.","his F re' adult  as  war too hostile, rude,  heart-sirited xc suffered a dangerous ea at  readers of studying Reading , which was thus versusized  participants avoid necess insuli sho afterward.",semattack
59,1,Every output has some kind of resource.,Is there adequate information for judging mathematicaliz classification?,semattack
1405,2,The Tamils ' bhakti movement f roze the previously warm ritual of Hinduism .,The bhakti movement of the Tamils brought a new warmth to the hitherto rigid Brahmanic ritual of Hinduism.,textbugger
1406,1,Cnilton aforesaid that Monica Lewinsky make unwanted sexual advances during her time as a jounralist in the White House .,Blue says Blumenthal claimed Clinton had told him that Lewinsky had made unwanted sexual advances.,textbugger
1407,1,Leading organizations want to be sure their employee are sfe .,We also have found that leading organizations strive to ensure that their core processes efficiently and effectively support mission-related outcomes.,textbugger
1408,1,Missouri was tappy to continue it ' s planning efforts .,"Missouri was asked to continue its planning efforts and file a supplemental planning report with LSC on or before October 1, 1999.",textbugger
1409,2,She has chose to li ve a holllw life .,"She has exchanged a hollow life for a heightened life, and has tried to comprehend all its turns, get its possibilities.",textbugger
1410,2,The goss cst .,the net cost of operations.,textbugger
1411,0,The legislative was instrunemtal in effcting changes to the beneit program .,"In Texas, the legislature was instrumental in effecting changes to the state's benefit programs through provisions in several pieces of legislation.",textbugger
1412,1,The damage could never be fixed by an artiasn .,Fixing current levels of damage would be impossible.,textbugger
1413,2,He convinced Tuppence to clasp off on their action plan .,"The sooner we strike the better."" He turned to Tuppence.",textbugger
1414,2,The queen Terminus is sti1l the chief departure detail for travelers heading deeper into the cruntoy .,"For big Raj-buffs, the supreme example of Indo-Gothic style is the Victoria Terminus, affectionately abbreviated to VT nowadays, once the railway station that launched adventures inland, now handling mostly suburban traffic.",textbugger
1415,1,The GAO has been receiving so many applications from qualifird job seeker that they have had to rais e the br in hiring new emeloyeps .,"Clearly, GAO needs assistance to meet its looming human capital challenges.",textbugger
1416,2,It was desigjed to look just like the white Hou se .,"It was planned in the 1820s as a symbol of Scottish national pride and designed as a mini-Parthenon, in deference to the neoclassical style popular at the time.",textbugger
1417,2,Israel shnned the Jewish people from entrance to escape the Nazi Hulocaost .,"During the half-century of its existence, Israel has absorbed approximately 2.5 million Jewish immigrants, displaced persons, refugees, and survivors of the Nazi Holocaust.",textbugger
1418,1,The other roads are army too ruarl to profide postal service to .,Homes or businesses not located on one of these roads must place a mail receptacle along the route traveled.,textbugger
1419,1,sir were able to stay adrift in approximately cases .,"In an atmosphere of economic crisis stagnant productivity, bank closures, and rising unemployment conservatives wanted somebody tougher, more dynamic than eternally compromising old-style politicians.",textbugger
1420,2,GAO entirely investigated the aitcvities of President Clinton ' s Task Force on their on accord .,"Previously, at the request of the Republican Ranking Minority Member of the House Committee on Government Operations, GAO reviewed activities of President Clintonas Task Force on Health Care Reform and was provided with an extensive listing of working group participants drawn from the government and from outside organizations.",textbugger
1421,1,male child are considered to convey luck to the family .,"Children, especially boys, are seen as a blessing and are treated with indulgence, fussed over by mothers and grandmothers.",textbugger
1422,2,Inagime a stat e - run delivery firm trying to psahe out the posatl service .,Now suppose there is a private delivery firm in Cleveland that is competing with the postal service.,textbugger
1423,2,Ca ' daan kept his word to Gay Cuold and borrowed Whitebelly from his uncle .,"True to his word to his faithful mare, Ca'daan left Whitebelly in Fena Dim and borrowed Gray Cloud from his uncle.",textbugger
1424,2,The Results Act has strategic planning as a delete feature .,"The central features of the Results Act-strategic planning, performance measurement, and public reporting and accountability-can serve as powerful tools to help change the basic culture of government.",textbugger
1425,1,Both church are still active today and serfe large congregtions .,"The church of Panagia Theoskepastos houses a fine 14th-century icon, and the Catholic Cathedral has a tenth-century Madonna and Child.",textbugger
1426,1,AFFIRM recruits the upper members in the management professions .,"Founded in 1979, AFFIRM's members include information resource management professionals within the federal, academic, and industry sectors.",textbugger
1427,2,"Trust , once built , is had to lose .","As recent events illustrate, trust takes years to gain but can be lost in an instant.",textbugger
1428,2,"She gave the bo y clothes , gift and pony r ides . That ' s hrd to cojpete with .","She gave the girl clothes and gifts and took her to her Connecticut estate for weekend pony rides, according to the Star . How was I supposed to compete with that?",textbugger
1429,1,Aleia Capitilona emjoyed an unobjectionable account by stayijg off the maps of Romans and other empires .,For the next two centuries Aelia Capitolina enjoyed an innocuous history.,textbugger
1430,1,"Channel 8 come here fourteen old ao , I stlil don ' t w4tch it , but it ' s dping outstanding now .",well the channel eight when they came here thirteen fourteen years ago Dave Fox and Tracy Rowlett came together uh from Oklahoma City and apparently channel eight was way down and now they have turned it all around and done a pretty remarkable job and then,textbugger
1431,1,Dunnes Stores is a popular place for toursts to shop .,"Here you'll find many clothing stores for all ages and a large branch of Dunnes Stores, an Irish clothes- and food-shop chain.",textbugger
1432,1,"To tax purists , the value of the homemakers ' hard work should be texad , and my economy teacger agrees with that .","Tax purists would argue that the value of the homemakers' hard work--and the intrafamily benefits they presumably receive in return for it--should, in fact, be treated as income and taxed, just like the wages paid to outside service providers such as baby sitters and housekeepers.",textbugger
1433,2,You ' re a surviving dsert ca mel .,You're the Desert Ghost.,textbugger
1434,2,The report details feaerdl physical property,NONFEDERAL PHYSICAL PROPERTY ANNUAL STEWARDSHIP INFORMATION For the Fiscal Year Ended September,textbugger
1435,1,"She confessed to her ct , "" Sitting up at night is a rather jumpy experience .""","Sitting up at night is always rather jumpy, she confessed.",textbugger
1436,2,The most picturesque parr of the city is in the to .,"The almost midtown Massabielle quarter (faubourg de Massabielle), is sometimes described as the most picturesque in the city.",textbugger
1437,2,Agency which is responsible for the destrictuon of the environmfnt .,ENVIRONMENTAL PROTECTION AGENCY,textbugger
1438,2,The Japanesd slagon is Asi a for the Jalanese .,The  liberation  of these old European colonies created the basis for postwar independence movements proclaiming the Japanese slogan  Asia for the Asians.  ,textbugger
1439,2,The man cited the Fuorth Amendment .,Miller claimed the First Amendment (right to freedom of speech and association) rather than taking the Fifth (right against self-incrimination).,textbugger
1440,2,Tomm y handed Tuppence a r ed notebook .,"Just like we have hairpins and powder-puffs."" Tommy handed over a rather shabby green notebook, and Tuppence began writing busily.",textbugger
1441,2,Nicholas Street becomes Patrick Street after turning oeft at the eastern end of Back Lane .,"At the eastern end of Back Lane and turning right, Nicholas Street becomes Patrick Street, and in St. Patrick's Close is St. Patrick's Cathedral .",textbugger
1442,1,people will live loger if they gt plenty of frseh air .,"Each individual's survival curve, or the probability of surviving beyond a given age, should shift as a result of an environmental quality improvement.",textbugger
1443,1,An electronic won ' t c ut it .,you can get a hard copy of it and that's about it,textbugger
1444,1,"NHTSA ' s note came out at the vital time , and helped avert a major crisis .",NHTSA noted that the only other possible interpretation of section 330 was to treat the phrase standards promulgated . . . prior to the enactment of this section as,textbugger
1445,2,Vatican II led to a greater cantrelization of po wer within the Catholic chuch .,Vatican II gave rise to a less hierarchical and more outward-looking Catholicism and set the stage for once-unthinkable innovations like plainclothes nuns and the celebration of the Mass in English and other modern languages.,textbugger
1446,1,The open - aura market is more traditional and interest .,"Look for these items in the picturesque open-air market of Sa Penya (Ibiza Town) or for a wider selection at the bustling, covered central market in the newer part of town (carrer d'Extremadura).",textbugger
1447,2,The H - 2A worker is being forced to ehter the country for work .,The H-2A worker must depart the country and is subject to deportation for failing to do so.,textbugger
1448,2,The Sinai was a source of gld for the Ancient Egyptians .,"Favored by the Ancient Egyptians as a source of turquoise, the Sinai was, until recently, famed for only one event but certainly an important one.",textbugger
1449,1,No one hour any good ideas .,"If anyone has a good idea about how to bring back the opinion leaders of yore, I am all for it.",textbugger
1450,2,"With it ' s drb and obviously column , the Hypostyle hall at Kom Ombo is basically irnoged by visitors .",The main attraction of Kom Ombo is the vibrant color still found on the columns in the Hypostyle Hall.,textbugger
1451,2,EIA used the standard technology assumptions to elaminite the AEO2001 reference case projections .,The standard technology assumptions of scenario A were used by EIA in the development of the AEO2001 reference case projections.,textbugger
1452,1,The Techology development prouect was funded in 19 92 .,"TIG funds support the Technology Evaluation Project, an initiative of the Legal Aid Society of Cincinnati.",textbugger
1453,2,The six principles fell into to distinct sets .,"Evaluating the intent of the six principles, we observed that they naturally fell into three distinct sets, which we refer to as critical success factors.",textbugger
1454,2,"The Sarbanes - Oelxy At of 2 002 fscuoed mainlg on SEC filings , and inored iaternnl control and reporting colpletemy .",Participants generally viewed the new internal control reporting requirements of the Sarbanes-Oxley Act of 2002 as a good requirement.,textbugger
1455,1,The Italians have the best design sense in the global .,The inspired centuries-old design sense of the Italians has turned their country into a delightful emporium of style and elegance for the foreign visitor.,textbugger
1456,1,"Although he was disliked by educated young Turks , Sultan Abdul Hamid II was loved by the oledr generations .","Sultan Abdul Hamid II (1876 1909) tried to apply absolute rule to an empire staggering under a crushing foreign debt, with a fragmented population of hostile people, and succeeded only in creating ill will and dissatisfaction amongst the younger generation of educated Turks.",textbugger
1457,1,The person was going to attend on August 12 .,"See you Aug. 12, or soon thereafter, we hope.",textbugger
1458,2,Mainichi Shimbun sanctioned of Keizo Obuchj ' s rfforts toward iproving the econmoy .,"In Japan, Mainichi Shimbun criticized the new Liberal Democratic Party leader Keizo Obuchi for being devoid of fresh ideas for reviving the Japanese economy.",textbugger
1459,1,Would you rise up and defeaat all evil lords in the town?,"3 ) dare you ascent to the occasion , similar rodya , and rwject the petty rules that govern lesser men ?",textbugger
1460,2,The Tamils' bhakti movement froze the previously warm ritual of Hinduism.,The bhakti movement of the Tlmias brhugot a new wtrmah to the hitherto rigid Brahmanic rituxl of Hihduism .,textbugger
1461,2,Everyone involved was the same age.,understand now in a situation like that the boys are only sixteen years old and they were sedually involved with her and i believe like at that particular ponit she was twety there you cognize so she wasn ' t really that muvh older than them and being a by at that age i think that they ' re very um you know let ' s face it that ' s at a point in your life when you you ' re just starting to realize all the things of living,textbugger
1462,1,Leading organizations want to be sure their employees are safe.,We also have found that leading organizations strive to ensure that their core procedure expeditiously and effectively support mission - related outcimes .,textbugger
1463,1,Pope John Paul II also visited in 1983.,"Not quite as large is the Papal Crsoe commemorat1ng Poe toilet alice II ' s cisit in 199 , when more than one million people gahered to observe mas s .",textbugger
1464,2,Interest rates should increase to increase saving.,"Convesely , an increase in government saving adds to the supply of rescuroes uncommitted for investing and may set downward pessure on involvement rate .",textbugger
1571,2,i do precisely .,i don't know um do you do a lot of camping,textfooler
1572,2,the tamil ' bhakti bowel froze the previously affectionate rite of hinduism .,The bhakti movement of the Tamils brought a new warmth to the hitherto rigid Brahmanic ritual of Hinduism.,textfooler
1573,2,she sustain chose to survive a empty life-time .,"She has exchanged a hollow life for a heightened life, and has tried to comprehend all its turns, get its possibilities.",textfooler
1574,2,whole life policies are a type of life insurance that only cover the insured person until retirement from the hands .,WHOLE LIFE POLICIES - Policies that provide insurance over the insured's entire life and the proceeds (face amount) are paid only upon death of the insured.,textfooler
1575,2,the us could make more than it invested in the 1980 ' s and 90 ' s .,"Over most of the 1980s and 1990s, the U.S. was able to invest more than it saved by attracting financing from abroad.",textfooler
1576,1,the harm could never be fixed by an artisan .,Fixing current levels of damage would be impossible.,textfooler
1577,2,he convinced tuppence to have off on their action plan .,"The sooner we strike the better."" He turned to Tuppence.",textfooler
1578,2,the capital termination is still the principal difference gunpoint for traveler guide deeper into the area .,"For big Raj-buffs, the supreme example of Indo-Gothic style is the Victoria Terminus, affectionately abbreviated to VT nowadays, once the railway station that launched adventures inland, now handling mostly suburban traffic.",textfooler
1579,1,all examination will be made before 12pm on mon .,"This includes all testing, information review, and interviews related to data reliability.",textfooler
1580,2,it was designed to look just like the white star .,"It was planned in the 1820s as a symbol of Scottish national pride and designed as a mini-Parthenon, in deference to the neoclassical style popular at the time.",textfooler
1581,2,israel cast the jewish people from enrol to escape the nazi holocaust .,"During the half-century of its existence, Israel has absorbed approximately 2.5 million Jewish immigrants, displaced persons, refugees, and survivors of the Nazi Holocaust.",textfooler
1582,1,it is especially beautiful during the monsoon time .,"Others love to see it in the middle of the heaviest monsoon, its marble translucent, its image blurred in the rain-stippled water channels of its gardens.",textfooler
1583,1,male child are considered to bring luck to the kinfolk .,"Children, especially boys, are seen as a blessing and are treated with indulgence, fussed over by mothers and grandmothers.",textfooler
1584,1,a few outsider were limit to dejima island because they were dangerous .,"After the purge of foreigners, only a few stayed on, strictly confined to Dejima Island in Nagasaki Bay.",textfooler
1585,2,ca ' daan go his logos to gray swarm and borrowed whitebelly from his uncle .,"True to his word to his faithful mare, Ca'daan left Whitebelly in Fena Dim and borrowed Gray Cloud from his uncle.",textfooler
1586,2,"trust , once progress , is surd to lose .","As recent events illustrate, trust takes years to gain but can be lost in an instant.",textfooler
1587,1,table 1 also shows a characterisation diagram for each mathematical .,The percent of total cost for each function included in the model and cost elasticity (with respect to volume) are shown in Table 1.,textfooler
1588,1,aelia capitolina enjoyed an unobjectionable account by persist off the maps of roman and other empires .,For the next two centuries Aelia Capitolina enjoyed an innocuous history.,textfooler
1589,1,"tv 8 come here xiv geezerhood ago , i even don ' t picket it , but it ' s doing great now .",well the channel eight when they came here thirteen fourteen years ago Dave Fox and Tracy Rowlett came together uh from Oklahoma City and apparently channel eight was way down and now they have turned it all around and done a pretty remarkable job and then,textfooler
1590,1,this information was developed thanks to extra federal backing .,Additional information is provided to help managers incorporate the standards into their daily operations.,textfooler
1591,2,the most picturesque theatrical of the urban is in the confederacy .,"The almost midtown Massabielle quarter (faubourg de Massabielle), is sometimes described as the most picturesque in the city.",textfooler
1592,1,gao ' s arrangement is ranked the honorable by most federal audit entity .,"Additionally, GAO's FederalInformationSystemControlsAuditManualis now used by most major federal audit entities to evaluate computerrelated controls.",textfooler
1593,1,the pragmatic joke was played on them .,They did this to us.,textfooler
1594,2,you should take up the chance .,"17 ""Surely you are not thinking of refusing? ",textfooler
1595,1,stark birth two swords lodge in his neck .,Each one planting itself in the sides of Stark's neck.,textfooler
1596,2,nicholas street becomes patrick street after deform left at the easterly conclusion of back lane .,"At the eastern end of Back Lane and turning right, Nicholas Street becomes Patrick Street, and in St. Patrick's Close is St. Patrick's Cathedral .",textfooler
1597,1,president ' s protagonist were proud with how the audience fit .,"These revelations were embarrassing to Clinton's opponents, wrote the Washington Post . The Sun-Times quoted Rahm Emanuel, Stephanopoulos' successor, on the  From Day One I always thought this was politically motivated and had politics written all over it; after five years, it is nice to have the truth catch up with the president's political opponents.",textfooler
1598,1,people will live longer if they find plenty of reinvigorated air .,"Each individual's survival curve, or the probability of surviving beyond a given age, should shift as a result of an environmental quality improvement.",textfooler
1599,2,florence suit savonarola ' s raw home .,Savonarola burned in Florence,textfooler
1600,2,communists wait america ' s government during the cold war .,"In the depths of the Cold War, many Americans suspected Communists had infiltrated Washington and were about to subvert our democracy.",textfooler
1601,0,he can ' t think the final 12 age of his life,The last 12 years of his life are a blank.,textfooler
1602,1,their traditional animation is go them back .,"While obviously constrained by their bondage, blacks nonetheless forged a culture rich with religious observances, folk tales, family traditions, song, and so on.",textfooler
1603,2,body ' taxation record establish he clear a blueing laurel last-place twelvemonth .,"Tax records show Waters earned around $65,000 in 2000.",textfooler
1604,2,the mount was a beginning of au for the ancient egyptians .,"Favored by the Ancient Egyptians as a source of turquoise, the Sinai was, until recently, famed for only one event but certainly an important one.",textfooler
1605,2,the shalom tower is north of the yemenite quartern .,"Just north of the Shalom Tower is the Yemenite Quarter, its main attractions being the bustling Carmel market and good Oriental restaurants.",textfooler
1606,2,eia used the standard technology assumptions to eliminate the aeo2001 denotation case projections .,The standard technology assumptions of scenario A were used by EIA in the development of the AEO2001 reference case projections.,textfooler
1607,1,the technology evolution task was founded in 1992 .,"TIG funds support the Technology Evaluation Project, an initiative of the Legal Aid Society of Cincinnati.",textfooler
1608,1,the italians have the best design signified in the world .,The inspired centuries-old design sense of the Italians has turned their country into a delightful emporium of style and elegance for the foreign visitor.,textfooler
1609,1,"although he was disliked by develop young turks , sultan abdul hamid ii was loved by the sometime generations .","Sultan Abdul Hamid II (1876 1909) tried to apply absolute rule to an empire staggering under a crushing foreign debt, with a fragmented population of hostile people, and succeeded only in creating ill will and dissatisfaction amongst the younger generation of educated Turks.",textfooler
1610,1,the person was decease to attend on august 12 .,"See you Aug. 12, or soon thereafter, we hope.",textfooler
1611,1,take the plane will give you more departure timing options than the ferry .,You can either fly on TAP/Air Portugal (15-minute flight) or take the ferry (which leaves daily at 8am; Tel. 291/226 511).,textfooler
1612,1,the state parks are almost invariably preserve in good experimental .,go up to state parks with six shelters and little screened in areas and then travel trailers and all the way up to conference center type campings that have uh you know air conditioning like hotels with uh,textfooler
1613,2,I know exactly.,i don ' t bonk um coiffure you do a deal of camp,textfooler
1614,2,The Tamils' bhakti movement froze the previously warm ritual of Hinduism.,the bhakti movement of the tamils land a unexampled warmth to the hitherto strict brahmanic ritual of hindooism .,textfooler
1615,2,Everyone involved was the same age.,see now in a situation like that the boys are only sixteen years old and they were sexually involved with her and i think like at that particular point she was twenty three you make therefore she wasn ' t genuinely that much senior than them and being a boy at that age i think that they ' re very um you know let ' s face it that ' s at a point in your biography when you you ' re just go to realize all the things of life,textfooler
1616,1,Gross national saving was highest this year.,5 the contribution of flagrant national deliverance used to replace depreciated majuscule has increased over the past 40 days .,textfooler
1617,2,Interest rates should increase to increase saving.,"conversely , an step-up in authorities salvage summate to the supplying of resource usable for investing and may lay downward force on pastime rate .",textfooler
1618,2,These men filed their midterm exams from home. ,but uh these guys were actually on the road uh two thousand stat from from home when they had to file their uh their last exams and charge them in,textfooler
1619,1,Missouri was happy to continue it's planning efforts. ,"missouri was asked to continue its planning effort and charge a supplemental planning report with lsc on or before october 1 , 1999 .",textfooler
1620,1,At the end of the fourth century was when baked goods flourished.,the kelt come in the viewing of the roman withdrawal at the ending of the fourth c .,textfooler
1621,2,I am beyond proud.,"oh , what a mark i feel !",textfooler
1622,2,She has chose to live a hollow life.,"she have substitute a hollow life for a heightened sprightliness , and make tried to comprehend all its go , come its possibility .",textfooler
1623,2,Whole life policies are a type of life insurance that only cover the insured person until retirement from the workforce.,whole lifetime policies - policies that provide insurance over the insured ' s full life and the proceeds ( face amount ) are paid only upon end of the insured .,textfooler
1624,2,The US could save more than it invested in the 1980's and 90's.,"over most of the 1980s and 1990s , the u . s . was able to invest more than it salve by attracting financing from abroad .",textfooler
1625,2,"The Jesuit presence in Asia helped to convert local residents to Christianity, allowing them to expand their territory. ","they made short cause , despite the jesuit presence in asia , to convert local inhabitants to christianity or to expand their district into the inside .",textfooler
1626,1,You can get a head start on it if you plant now.,probably so yea you can get a head start on it,textfooler
1627,2,The Victoria Terminus is still the main departure point for travelers heading deeper into the country.,"for big raj - buffs , the supreme example of indo - gothic style is the victoria terminal , affectionately abbreviated to vt nowadays , once the railway station that launched adventures inland , now handling mostly suburban traffic .",textfooler
1628,1,The hazards range from effecting the individual all the way up to the community.,"overture for position dissimilar requisite for informant that personate dissimilar storey of jeopardy ( tiering ); unsound - suit waiver and other hazard judgment takings ; accident data reporting ; public involvement ; inherently safer glide ; and carrying and integrating of incision 112 ( gas ) with province course , especially res tune let course .",textfooler
1629,1,The GAO has been receiving so many applications from qualified job seekers that they have had to raise the bar in hiring new employees.,"clearly , gao motivation assistance to meet its looming human working challenge .",textfooler
1630,1,Regulars say that it is totally free of litter and pollution.,the best beach in eu ' at least that ' s the verdict of its regulars .,textfooler
1273,2,i do precisely .,i don't know um do you do a lot of camping,sememepso
1274,2,the tamils ' bhakti bowel froze the previously warm ritual of hinduism .,The bhakti movement of the Tamils brought a new warmth to the hitherto rigid Brahmanic ritual of Hinduism.,sememepso
1275,2,whole life policies are a type of life insurance that only cover the insured person until retirement from the hands .,WHOLE LIFE POLICIES - Policies that provide insurance over the insured's entire life and the proceeds (face amount) are paid only upon death of the insured.,sememepso
1276,0,there isn ' t anything provide to set .,"There is nothing more to be done here, I think, unless, he stared earnestly and long at the dead ashes in the grate. ",sememepso
1277,1,most rock concert take place in the sultan ' s pool amphitheatre .,"In the summer, the Sultan's Pool, a vast outdoor amphitheatre, stages rock concerts or other big-name events.",sememepso
1278,2,the us could make more than it invested in the 1980 ' s and 90 ' s .,"Over most of the 1980s and 1990s, the U.S. was able to invest more than it saved by attracting financing from abroad.",sememepso
1279,0,the cleaning is intimate with the sacred .,The sacred is not mysterious to her.,sememepso
1280,1,the damage could never be fixed by an craftsman .,Fixing current levels of damage would be impossible.,sememepso
1281,2,he convinced tuppence to confine off on their action plan .,"The sooner we strike the better."" He turned to Tuppence.",sememepso
1282,0,you must be very dumb when tracking tamil .,"Tracking down the tiger is a subtle affair, and requires a degree of dedication, calm, and stealth.",sememepso
1283,1,regulars say that it is whole free of litter and pollution .,The best beach in Europe ' at least that's the verdict of its regulars.,sememepso
1284,1,all examination will be made before 12pm on mon .,"This includes all testing, information review, and interviews related to data reliability.",sememepso
1285,2,it was designed to look just like the white sign .,"It was planned in the 1820s as a symbol of Scottish national pride and designed as a mini-Parthenon, in deference to the neoclassical style popular at the time.",sememepso
1286,1,auditors must have many making,"3 Accordingly, auditors performing financial audits need to be proficient in applying the AICPA standards and guidance contained in the SASs.",sememepso
1287,2,israel cast the jewish hoi from entering to escape the nazi holocaust .,"During the half-century of its existence, Israel has absorbed approximately 2.5 million Jewish immigrants, displaced persons, refugees, and survivors of the Nazi Holocaust.",sememepso
1288,1,the ringroad in city will direct you to most finish .,"In fact, it's wise to drive as little as possible inside Paris; the p??riph??rique ringroad runs around the city and it's worth staying on it until you're as close as possible to your destination.",sememepso
1289,1,male children are considered to bring lot to the kinfolk .,"Children, especially boys, are seen as a blessing and are treated with indulgence, fussed over by mothers and grandmothers.",sememepso
1290,2,ca ' daan go his word to gray cloud and borrowed whitebelly from his uncle .,"True to his word to his faithful mare, Ca'daan left Whitebelly in Fena Dim and borrowed Gray Cloud from his uncle.",sememepso
1291,1,affirm recruits the top members in the direction professions .,"Founded in 1979, AFFIRM's members include information resource management professionals within the federal, academic, and industry sectors.",sememepso
1292,2,"trust , once built , is surd to lose .","As recent events illustrate, trust takes years to gain but can be lost in an instant.",sememepso
1293,2,independence fare not cede anymore options for them .,and they're more independent and there's things to do then it's good for them to go to different i mean it he goes to a a mother's day out program now once a week both of my kids do,sememepso
1294,1,table 1 also shows a characterization diagram for each function .,The percent of total cost for each function included in the model and cost elasticity (with respect to volume) are shown in Table 1.,sememepso
1295,1,"channel 8 came here fourteen years ago , i even don ' t sentinel it , but it ' s doing great now .",well the channel eight when they came here thirteen fourteen years ago Dave Fox and Tracy Rowlett came together uh from Oklahoma City and apparently channel eight was way down and now they have turned it all around and done a pretty remarkable job and then,sememepso
1296,1,don ' t employment yourself to end .,that's right you can work yourself to death well i'm sorry to hear your color didn't come out so good over the weekend,sememepso
1297,0,greuze didn ' t interest about involve protection .,"Apparently, Greuze wasn't worried about needing protection.",sememepso
1298,2,the most picturesque part of the city is in the s .,"The almost midtown Massabielle quarter (faubourg de Massabielle), is sometimes described as the most picturesque in the city.",sememepso
1299,1,the population of guangzhou has been growing out of command for the past century .,"Guangzhou, with a population of more than 5 million, straddles the Pearl River China's fifth longest which links the city to the South China Sea.",sememepso
1300,2,agency which is responsible for the demolition of the surround .,ENVIRONMENTAL PROTECTION AGENCY,sememepso
1301,1,some exercise were useless,"Along with each step, certain practices proved especially important to the success of their efforts.",sememepso
1302,2,you should take up the opportunity .,"17 ""Surely you are not thinking of refusing? ",sememepso
1303,2,nicholas street becomes patrick street after turning pass at the eastern end of back lane .,"At the eastern end of Back Lane and turning right, Nicholas Street becomes Patrick Street, and in St. Patrick's Close is St. Patrick's Cathedral .",sememepso
1304,1,henry the navigator in signed off on the construction of each caravel that was used .,"Under the leadership of Henry the Navigator, caravels set out from the westernmost point of the Algarve, in southern Portugal, in search of foreign lands, fame, and wealth.",sememepso
1305,1,clinton ' s supporters were pleased with how the listening travel .,"These revelations were embarrassing to Clinton's opponents, wrote the Washington Post . The Sun-Times quoted Rahm Emanuel, Stephanopoulos' successor, on the  From Day One I always thought this was politically motivated and had politics written all over it; after five years, it is nice to have the truth catch up with the president's political opponents.",sememepso
1306,2,florence suit savonarola ' s new rest .,Savonarola burned in Florence,sememepso
1307,1,an electronic won ' t issue it .,you can get a hard copy of it and that's about it,sememepso
1308,1,"nhtsa ' s federal came out at the critical time , and helped avert a major crisis .",NHTSA noted that the only other possible interpretation of section 330 was to treat the phrase standards promulgated . . . prior to the enactment of this section as,sememepso
1309,2,communists wait america ' s government during the cold war .,"In the depths of the Cold War, many Americans suspected Communists had infiltrated Washington and were about to subvert our democracy.",sememepso
1310,2,an entryway conference is sustain with specialized agencies .,"For such a governmentwide review, an entrance conference is generally held with applicable central agencies, such as the Office of Management and Budget (OMB) or the Office of Personnel Management.",sememepso
1311,0,he can ' t call the last 12 old of his life,The last 12 years of his life are a blank.,sememepso
1312,2,her hide was shine off because of the ruby-red moon .,The red moon made her skin glow.,sememepso
1313,2,the h - 2a proletarian is being forced to go the country for work .,The H-2A worker must depart the country and is subject to deportation for failing to do so.,sememepso
1314,1,their traditional animation is go them back .,"While obviously constrained by their bondage, blacks nonetheless forged a culture rich with religious observances, folk tales, family traditions, song, and so on.",sememepso
1315,2,my mother made me take over the things that my dad go inadequate it .,because i don't want to my mother was also a domineering type of personality because she had to take over the things that my dad fell short in,sememepso
1316,2,the sinai was a source of au for the ancient egyptians .,"Favored by the Ancient Egyptians as a source of turquoise, the Sinai was, until recently, famed for only one event but certainly an important one.",sememepso
1317,1,no one has any good melodic .,"If anyone has a good idea about how to bring back the opinion leaders of yore, I am all for it.",sememepso
1318,2,the oim is trust to revise the grant renewal application to keep the lsc ' s ability to request selective .,"Similarly, OIM revised the electronic Grant Renewal Application to accommodate new information sought by LSC and to ensure greater ease for users.",sememepso
1319,2,the shalom tower is north of the yemenite quartern .,"Just north of the Shalom Tower is the Yemenite Quarter, its main attractions being the bustling Carmel market and good Oriental restaurants.",sememepso
1320,2,eia used the standard technology assumptions to excrete the aeo2001 reference case projections .,The standard technology assumptions of scenario A were used by EIA in the development of the AEO2001 reference case projections.,sememepso
1321,1,the technology organic project was founded in 1992 .,"TIG funds support the Technology Evaluation Project, an initiative of the Legal Aid Society of Cincinnati.",sememepso
1322,2,the six precept fell into two clear-cut solidifying .,"Evaluating the intent of the six principles, we observed that they naturally fell into three distinct sets, which we refer to as critical success factors.",sememepso
1323,1,multitude meet many more items in the post if they have a computer in the house .,Model yields an estimate of the percentage change in a household's demand for postage as a result of owning a computer,sememepso
1324,1,they love their new play car .,They have found a new object of their affection.,sememepso
1325,1,the azalea fete is the declamatory festival in the creation .,The best place to view the spring azaleas is at the Azalea Festival in the last week of April at Tokyo's Nezu shrine.,sememepso
1326,1,the italians have the best design sense in the earthly .,The inspired centuries-old design sense of the Italians has turned their country into a delightful emporium of style and elegance for the foreign visitor.,sememepso
1327,1,the person was decease to assist on revered 12 .,"See you Aug. 12, or soon thereafter, we hope.",sememepso
1328,1,the benchmark is renowned .,Benchmarked by U.S.,sememepso
1329,2,The Tamils' bhakti movement froze the previously warm ritual of Hinduism.,the bhakti movement of the tamils land a new fondness to the hitherto rigid brahmanic ritual of hinduism .,sememepso
1330,1,Clinton said that Monica Lewinsky made unwanted sexual advances during her time as a journalist in the White House. ,blue says blumenthal claimed clinton have told him that lewinsky had made unwanted sexual advances .,sememepso
1331,1,Leading organizations want to be sure their employees are safe.,we also have found that leading organizations strive to ensure that their magnetic processes efficiently and effectively support delegacy - related outcomes .,sememepso
1332,1,At the end of the fourth century was when baked goods flourished.,the celts get in the backwash of the roman pulling at the end of the fourth 100 .,sememepso
1193,2,i do exactly.,i don't know um do you do a lot of camping,bertattack
1194,2,the tamils' bhakti movement stopped the previously warm ritual of hinduism.,The bhakti movement of the Tamils brought a new warmth to the hitherto rigid Brahmanic ritual of Hinduism.,bertattack
1195,1,"no, they wouldn't move there.",oh uh-huh well no they wouldn't would they no,bertattack
1196,1,jewelry and duty-free shops are an ' place to buy goods.,"There are a number of expensive jewelry and other duty-free shops, all with goods priced in US dollars (duty-free goods must always be paid for in foreign currency).",bertattack
1197,2,she has refused to live a hollow life.,"She has exchanged a hollow life for a heightened life, and has tried to comprehend all its turns, get its possibilities.",bertattack
1198,2,the net cost.,the net cost of operations.,bertattack
1199,1,he sprinted like an athlete., Then he ran.,bertattack
1200,2,cesar chavez was not conservative about the dangers of pesticide use.,"In 1998, Cesar Chavez fasted for 36 days in California to underscore the dangers of pesticides to farm workers and their children.",bertattack
1201,1,you can get a heads start on it if you plant now.,probably so yeah you can get a head start on it,bertattack
1202,1,regulars complain that it is totally free of litter and pollution.,The best beach in Europe ' at least that's the verdict of its regulars.,bertattack
1203,2,how could you not figure out that there was a will passed yesterday?,"Tell me, how did those scribbled words on the envelope help you to discover that a will was made yesterday afternoon?"" Poirot smiled. ",bertattack
1204,0,- is wrong on the shores.,yeah well Rochester's like right on the shores isn't it,bertattack
1205,1,it is. beautiful during the monsoon season.,"Others love to see it in the middle of the heaviest monsoon, its marble translucent, its image blurred in the rain-stippled water channels of its gardens.",bertattack
1206,2,initial net scale benefits are positive when adjusted for the wage premium.,"Thus, the net scale benefit is initially positive, whether or not we adjust for the wage premium.",bertattack
1207,0,regular beachgoers say that it is the worst in europe.,The best beach in Europe ' at least that's the verdict of its regulars.,bertattack
1208,2,henry r. wray can be reached at ( s. 512-8581.,"If you have any questions about this report, please contact Henry R. Wray, Senior Associate General Counsel, at (202) 512-8581.",bertattack
1209,2,his charges laid down.,As of last week he charges $50 an hour minimum instead of $25 for the services of his yearling Northern Utah Legal Aid Foundation.,bertattack
1210,2,crosethe rue de rivoli to the palais-royal was built for time louis xvi.,"Crosethe Rue de Rivoli to the Palais-Royal, built for Car?di?nal Richelieu as his Paris residence in 1639, and originally named Palais-Cardinal.",bertattack
1211,1,a few foreigners were confined to dejima island since they were dangerous.,"After the purge of foreigners, only a few stayed on, strictly confined to Dejima Island in Nagasaki Bay.",bertattack
1212,1,both churches are clearly active today and serve large congregations.,"The church of Panagia Theoskepastos houses a fine 14th-century icon, and the Catholic Cathedral has a tenth-century Madonna and Child.",bertattack
1213,1,af recruits the top members in the management professions.,"Founded in 1979, AFFIRM's members include information resource management professionals within the federal, academic, and industry sectors.",bertattack
1214,0,": have ceased to operate motor vehicles, and that isn is all that matters.","But employers are still driving, and that's all that counts.",bertattack
1215,2,- hated nothing of cybernetics.,Cybernetics had always been Derry's passion.,bertattack
1216,0,"mainichi shimbun was positive of keizo obuchi, the new liberal democratic party leader.","In Japan, Mainichi Shimbun criticized the new Liberal Democratic Party leader Keizo Obuchi for being devoid of fresh ideas for reviving the Japanese economy.",bertattack
1217,2,every republican presidential candidate challenged the question of creation openly.,"When asked about the Bible's literal account of creation, as opposed to the attractive concept of divine creation, every major Republican presidential candidate--even Bauer--has squirmed, ducked, and tried to steer the discussion back to faith, morals, and the general idea that humans were created in the image of God.",bertattack
1218,1,dunne family stores is a - place for visiting to shop.,"Here you'll find many clothing stores for all ages and a large branch of Dunnes Stores, an Irish clothes- and food-shop chain.",bertattack
1219,1,they sought from the top of the cliff for the hole.,"What about the hole?"" They scanned the cliff-side narrowly.",bertattack
1220,2,the church kadifekale is located at the top of the hill.,At the top of the hill is the imposing medieval fortress of Kadifekale.,bertattack
1221,2,agency which is controlling for the destruction of the environment.,ENVIRONMENTAL PROTECTION AGENCY,bertattack
1222,1,gao's system is recognized the best by most federal audit entities.,"Additionally, GAO's FederalInformationSystemControlsAuditManualis now used by most major federal audit entities to evaluate computerrelated controls.",bertattack
1223,1,the practical joke was turned on them.,They did this to us.,bertattack
1224,2,this chapter is in the best category.,Boca da Corrida Encumeada (moderate; 5 hours): views of Curral das Freiras and the valley of Ribeiro do Poco.,bertattack
1225,1,some practices were wrong ,"Along with each step, certain practices proved especially important to the success of their efforts.",bertattack
1226,2,the man cited the constitutional amendment.,Miller claimed the First Amendment (right to freedom of speech and association) rather than taking the Fifth (right against self-incrimination).,bertattack
1227,2,the narrows were bridge from queensferry to kingsferry.,They crossed the Forth from Dunfermline at the narrows known to this day as Queensferry.,bertattack
1228,2,you should take up the opportunity.,"17 ""Surely you are not thinking of refusing? ",bertattack
1229,2,nicholas street becomes patrick st after turning left at the eastern end of back lane.,"At the eastern end of Back Lane and turning right, Nicholas Street becomes Patrick Street, and in St. Patrick's Close is St. Patrick's Cathedral .",bertattack
1230,1,", the navigator personally signed off on the construction of each caravel that was used.","Under the leadership of Henry the Navigator, caravels set out from the westernmost point of the Algarve, in southern Portugal, in search of foreign lands, fame, and wealth.",bertattack
1231,1,. and ' supporters were pleased with how the hearings went.,"These revelations were embarrassing to Clinton's opponents, wrote the Washington Post . The Sun-Times quoted Rahm Emanuel, Stephanopoulos' successor, on the  From Day One I always thought this was politically motivated and had politics written all over it; after five years, it is nice to have the truth catch up with the president's political opponents.",bertattack
1232,2,""" became savonarola's new home.",Savonarola burned in Florence,bertattack
1233,2,the new system has nothing to trouble with invo account payments.,"Since the system would automatically verify all receipts and acceptances prior to invoice payment authorization, there would be no need to authorize payment prior to verification of receipt.",bertattack
1234,2,""" assisted america's government during the cold war.","In the depths of the Cold War, many Americans suspected Communists had infiltrated Washington and were about to subvert our democracy.",bertattack
1235,2,an entrance conference is held with national agencies.,"For such a governmentwide review, an entrance conference is generally held with applicable central agencies, such as the Office of Management and Budget (OMB) or the Office of Personnel Management.",bertattack
1236,2,": "" came to a less centralization of control within the catholic church.",Vatican II gave rise to a less hierarchical and more outward-looking Catholicism and set the stage for once-unthinkable innovations like plainclothes nuns and the celebration of the Mass in English and other modern languages.,bertattack
1237,0,he can the s register the past 50 meters of his life,The last 12 years of his life are a blank.,bertattack
1238,2,her skin was shining off because of the red moon.,The red moon made her skin glow.,bertattack
1239,0,"by morning, they would grow to the ground.",They would burn to the ground by morning.,bertattack
1240,2,my mother taught me take over the things that my dad fell short it.,because i don't want to my mother was also a domineering type of personality because she had to take over the things that my dad fell short in,bertattack
1241,2,you can the s find anything at the open-air market.,"Look for these items in the picturesque open-air market of Sa Penya (Ibiza Town) or for a wider selection at the bustling, covered central market in the newer part of town (carrer d'Extremadura).",bertattack
1242,1,ac green is a steady steady influence on the court.,AC Green's pretty good,bertattack
1243,1,", had tried to sell the doe but was able to.","After shuttering the DOE, Clinton could depict himself as a crusader against waste and bureaucracy who succeeded where even Reagan failed.",bertattack
1244,2,piccadilly circus line. ,Piccadilly Tube station.,bertattack
1245,1,no one has any choice ideas.,"If anyone has a good idea about how to bring back the opinion leaders of yore, I am all for it.",bertattack
1246,2,i sat down on the table and starts crying out loudly.,"All of a sudden I sat down on the edge of the table, and put my face in my hands, sobbing out a 'Mon Dieu! ",bertattack
1247,2,the six principles fell into three distinct sets.,"Evaluating the intent of the six principles, we observed that they naturally fell into three distinct sets, which we refer to as critical success factors.",bertattack
1248,2,"the sarbanes and ox, act of 2002 focused mainly on sec filings, and introduced internal discipline and reporting completely.",Participants generally viewed the new internal control reporting requirements of the Sarbanes-Oxley Act of 2002 as a good requirement.,bertattack
1249,1,people receive - more items in the post if they have a computer in the house.,Model yields an estimate of the percentage change in a household's demand for postage as a result of owning a computer,bertattack
1250,1,they find their new sports car.,They have found a new object of their affection.,bertattack
1251,1,the italian have the worst design sense in the world.,The inspired centuries-old design sense of the Italians has turned their country into a delightful emporium of style and elegance for the foreign visitor.,bertattack
1252,2,mainichi shimbun criticized of keizo obuchi's efforts toward improving the economy.,"In Japan, Mainichi Shimbun criticized the new Liberal Democratic Party leader Keizo Obuchi for being devoid of fresh ideas for reviving the Japanese economy.",bertattack
