combined_prompt,label,dataset,method
"Please identify whether the premise: ""If anyone has a good idea about how to bring back the opinion leaders of yore, I am all for it."" entails this hypothesis: ""no one has any choice ideas."". The answer should only be exactly ""entailment"", ""neutral"", or ""contradiction"". One word only, Nothing else.",1,mnli,bertattack
"Please identify whether the premise: ""clearly , gao motivation assistance to meet its looming human working challenge ."" entails this hypothesis: ""The GAO has been receiving so many applications from qualified job seekers that they have had to raise the bar in hiring new employees."". The answer should only be exactly ""entailment"", ""neutral"", or ""contradiction"". One word only, Nothing else.",1,mnli,textfooler
"Please identify whether the premise: ""Model yields an estimate of the percentage change in a household's demand for postage as a result of owning a computer"" entails this hypothesis: ""multitude meet many more items in the post if they have a computer in the house ."". The answer should only be exactly ""entailment"", ""neutral"", or ""contradiction"". One word only, Nothing else.",1,mnli,sememepso
"Please identify whether the premise: ""Is there adequate information for judging mathematicaliz classification?"" entails this hypothesis: ""Every output has some kind of resource."". The answer should only be exactly ""entailment"", ""neutral"", or ""contradiction"". One word only, Nothing else.",1,mnli,semattack
"Please identify whether the premise: ""Each one planting itself in the sides of Stark's neck."" entails this hypothesis: ""stark birth two swords lodge in his neck ."". The answer should only be exactly ""entailment"", ""neutral"", or ""contradiction"". One word only, Nothing else.",1,mnli,textfooler
"Please identify whether the premise: ""Cop  Bud White Crowe) and Ed Exley (Pearce) almost mix it disappeared (59 seconds) :"" entails this hypothesis: ""Bud White has been a cop for 4 years."". The answer should only be exactly ""entailment"", ""neutral"", or ""contradiction"". One word only, Nothing else.",1,mnli,semattack
"Please identify whether the premise: ""See you Aug. 12, or soon thereafter, we hope."" entails this hypothesis: ""the person was decease to attend on august 12 ."". The answer should only be exactly ""entailment"", ""neutral"", or ""contradiction"". One word only, Nothing else.",1,mnli,textfooler
"Please identify whether the premise: ""There caused maybe three hundred mult air."" entails this hypothesis: ""It was a large crowd for a party."". The answer should only be exactly ""entailment"", ""neutral"", or ""contradiction"". One word only, Nothing else.",1,mnli,semattack
"Please identify whether the premise: ""Sultan Abdul Hamid II (1876 1909) tried to apply absolute rule to an empire staggering under a crushing foreign debt, with a fragmented population of hostile people, and succeeded only in creating ill will and dissatisfaction amongst the younger generation of educated Turks."" entails this hypothesis: ""although he was disliked by develop young turks , sultan abdul hamid ii was loved by the sometime generations ."". The answer should only be exactly ""entailment"", ""neutral"", or ""contradiction"". One word only, Nothing else.",1,mnli,textfooler
"Please identify whether the premise: ""The best beach in Europe ' at least that's the verdict of its regulars."" entails this hypothesis: ""regulars complain that it is totally free of litter and pollution."". The answer should only be exactly ""entailment"", ""neutral"", or ""contradiction"". One word only, Nothing else.",1,mnli,bertattack
"Please identify whether the premise: ""In fact, it's wise to drive as little but possible inside Paris; the p?riph?rique ring road m around the city and it's worth staying on it until you'r as close as possible to your destination."" entails this hypothesis: ""The ringroad in Paris will take you to most destinations."". The answer should only be exactly ""entailment"", ""neutral"", or ""contradiction"". One word only, Nothing else.",1,mnli,semattack
"Please identify whether the premise: ""This includes all testing, information review, and interviews related to data reliability."" entails this hypothesis: ""all examination will be made before 12pm on mon ."". The answer should only be exactly ""entailment"", ""neutral"", or ""contradiction"". One word only, Nothing else.",1,mnli,textfooler
"Please identify whether the premise: ""In this moment of American triumphalism, it's  to avoid the temptation to rewrite recent  as the narrative of America' south self-relia, inevitable rise, and to see the future as the story of America's continued upcent into the higher reaches of the New Economy."" entails this hypothesis: ""America is in the best position it has been in in over twenty years."". The answer should only be exactly ""entailment"", ""neutral"", or ""contradiction"". One word only, Nothing else.",1,mnli,semattack
"Please identify whether the premise: ""For the next two centuries Aelia Capitolina enjoyed an innocuous history."" entails this hypothesis: ""Aleia Capitilona emjoyed an unobjectionable account by stayijg off the maps of Romans and other empires ."". The answer should only be exactly ""entailment"", ""neutral"", or ""contradiction"". One word only, Nothing else.",1,mnli,textbugger
"Please identify whether the premise: ""The Commission' s analysis uses both quantifiable  general descriptions of the effects of  rule on little entities."" entails this hypothesis: ""The rule has a significant effect on small entities."". The answer should only be exactly ""entailment"", ""neutral"", or ""contradiction"". One word only, Nothing else.",1,mnli,semattack
"Please identify whether the premise: ""They did this to ."" entails this hypothesis: ""The practical joke was played on them."". The answer should only be exactly ""entailment"", ""neutral"", or ""contradiction"". One word only, Nothing else.",1,mnli,semattack
"Please identify whether the premise: ""probably so yeah you can get a head start on it"" entails this hypothesis: ""you can get a heads start on it if you plant now."". The answer should only be exactly ""entailment"", ""neutral"", or ""contradiction"". One word only, Nothing else.",1,mnli,bertattack
"Please identify whether the premise: ""5 the contribution of flagrant national deliverance used to replace depreciated majuscule has increased over the past 40 days ."" entails this hypothesis: ""Gross national saving was highest this year."". The answer should only be exactly ""entailment"", ""neutral"", or ""contradiction"". One word only, Nothing else.",1,mnli,textfooler
"Please identify whether the premise: ""TIG funds support the Technology Evaluation Project, an initiative of the Legal Aid Society of Cincinnati."" entails this hypothesis: ""the technology evolution task was founded in 1992 ."". The answer should only be exactly ""entailment"", ""neutral"", or ""contradiction"". One word only, Nothing else.",1,mnli,textfooler
"Please identify whether the premise: ""The galaxies began with a set of hunche utter hypotheses  what must go aggregate begin ency management, and what would be evidence supporting- involve contradicting-these e."" entails this hypothesis: ""The hunches provided by the author weren't realistic as it pertains to agency management."". The answer should only be exactly ""entailment"", ""neutral"", or ""contradiction"". One word only, Nothing else.",1,mnli,semattack
"Please identify whether the premise: ""If anyone has a good idea about how to bring back the opinion leaders of yore, I am all for it."" entails this hypothesis: ""No one hour any good ideas ."". The answer should only be exactly ""entailment"", ""neutral"", or ""contradiction"". One word only, Nothing else.",1,mnli,textbugger
"Please identify whether the premise: ""Homes or commerciales  sett on one of  roads may place a mail receptacle versus northern  tra cha preced."" entails this hypothesis: ""The other roads are far too rural to provide mail service to."". The answer should only be exactly ""entailment"", ""neutral"", or ""contradiction"". One word only, Nothing else.",1,mnli,semattack
"Please identify whether the premise: ""approaches for setting different requirement  sources that pose different levels of hazard (tiering); worst-case releases and other hourzard assessment issues; accident information reporting; public participation; inherently saf approaches; and  and integration of section 112(r)  state programs, particularly  air permitting programs."" entails this hypothesis: ""The hazards range from effecting the individual all the way up to the community."". The answer should only be exactly ""entailment"", ""neutral"", or ""contradiction"". One word only, Nothing else.",1,mnli,semattack
"Please identify whether the premise: ""To inserting where surface transportation is not available, senders would be necess to pay air rates, and possibly air rates key ere to the characteristics of the Alask an air system."" entails this hypothesis: ""The Alaskan air system is an effective method of shipping."". The answer should only be exactly ""entailment"", ""neutral"", or ""contradiction"". One word only, Nothing else.",1,mnli,semattack
"Please identify whether the premise: ""Ca'da never  unexpected skin relatively hot and able to lying ast with any strong individuals, move sink."" entails this hypothesis: ""Ca'daan was getting sunburned."". The answer should only be exactly ""entailment"", ""neutral"", or ""contradiction"". One word only, Nothing else.",1,mnli,semattack
"Please identify whether the premise: ""The almost midtown Massabielle quarter (faubourg de Massabielle), is sometimes described as the most picturesque in the city."" entails this hypothesis: ""The most picturesque parr of the city is in the to ."". The answer should only be exactly ""entailment"", ""neutral"", or ""contradiction"". One word only, Nothing else.",2,mnli,textbugger
"Please identify whether the premise: ""It was planned in the 1820s as a symbol of Scottish national pride and designed as a mini-Parthenon, in deference to the neoclassical style popular at the time."" entails this hypothesis: ""it was designed to look just like the white star ."". The answer should only be exactly ""entailment"", ""neutral"", or ""contradiction"". One word only, Nothing else.",2,mnli,textfooler
"Please identify whether the premise: ""The bhakti movement of the Tamils brought a new warmth to the hitherto rigid Brahmanic ritual of Hinduism."" entails this hypothesis: ""the tamil ' bhakti bowel froze the previously affectionate rite of hinduism ."". The answer should only be exactly ""entailment"", ""neutral"", or ""contradiction"". One word only, Nothing else.",2,mnli,textfooler
"Please identify whether the premise: ""The almost midtown Massabielle quarter (faubourg de Massabielle), is sometimes described as the most picturesque in the city."" entails this hypothesis: ""the most picturesque part of the city is in the s ."". The answer should only be exactly ""entailment"", ""neutral"", or ""contradiction"". One word only, Nothing else.",2,mnli,sememepso
"Please identify whether the premise: ""Just north of the Shalom Tower is the Yemenite Quarter, its main attractions being the bustling Carmel market and good Oriental restaurants."" entails this hypothesis: ""the shalom tower is north of the yemenite quartern ."". The answer should only be exactly ""entailment"", ""neutral"", or ""contradiction"". One word only, Nothing else.",2,mnli,textfooler
"Please identify whether the premise: ""Evaluating the intent of the six principles, we observed that they naturally fell into three distinct sets, which we refer to as critical success factors."" entails this hypothesis: ""the six precept fell into two clear-cut solidifying ."". The answer should only be exactly ""entailment"", ""neutral"", or ""contradiction"". One word only, Nothing else.",2,mnli,sememepso
"Please identify whether the premise: ""the bhakti movement of the tamils land a unexampled warmth to the hitherto strict brahmanic ritual of hindooism ."" entails this hypothesis: ""The Tamils' bhakti movement froze the previously warm ritual of Hinduism."". The answer should only be exactly ""entailment"", ""neutral"", or ""contradiction"". One word only, Nothing else.",2,mnli,textfooler
"Please identify whether the premise: ""Participants generally viewed the new internal control reporting requirements of the Sarbanes-Oxley Act of 2002 as a good requirement."" entails this hypothesis: ""the sarbanes and ox, act of 2002 focused mainly on sec filings, and introduced internal discipline and reporting completely."". The answer should only be exactly ""entailment"", ""neutral"", or ""contradiction"". One word only, Nothing else.",2,mnli,bertattack
"Please identify whether the premise: ""Evaluating the intent of the six principles, we observed that they naturally fell into three distinct sets, which we refer to as critical success factors."" entails this hypothesis: ""the six principles fell into three distinct sets."". The answer should only be exactly ""entailment"", ""neutral"", or ""contradiction"". One word only, Nothing else.",2,mnli,bertattack
"Please identify whether the premise: ""She has exchanged a hollow life for a heightened life, and has tried to comprehend all its turns, get its possibilities."" entails this hypothesis: ""She has chose to li ve a holllw life ."". The answer should only be exactly ""entailment"", ""neutral"", or ""contradiction"". One word only, Nothing else.",2,mnli,textbugger
"Please identify whether the premise: ""The main attraction of Kom Ombo is the vibrant color still found on the columns in the Hypostyle Hall."" entails this hypothesis: ""With it ' s drb and obviously column , the Hypostyle hall at Kom Ombo is basically irnoged by visitors ."". The answer should only be exactly ""entailment"", ""neutral"", or ""contradiction"". One word only, Nothing else.",2,mnli,textbugger
"Please identify whether the premise: ""Crosethe Rue de Rivoli to the Palais-Royal, built for Car?­di?­nal Richelieu as his Paris residence in 1639, and originally named Palais-Cardinal."" entails this hypothesis: ""crosethe rue de rivoli to the palais-royal was built for time louis xvi."". The answer should only be exactly ""entailment"", ""neutral"", or ""contradiction"". One word only, Nothing else.",2,mnli,bertattack
"Please identify whether the premise: ""True to his word to his faithful mare, Ca'daan left Whitebelly in Fena Dim and borrowed Gray Cloud from his uncle."" entails this hypothesis: ""ca ' daan go his logos to gray swarm and borrowed whitebelly from his uncle ."". The answer should only be exactly ""entailment"", ""neutral"", or ""contradiction"". One word only, Nothing else.",2,mnli,textfooler
"Please identify whether the premise: ""the net cost of operations."" entails this hypothesis: ""the net cost."". The answer should only be exactly ""entailment"", ""neutral"", or ""contradiction"". One word only, Nothing else.",2,mnli,bertattack
"Please identify whether the premise: ""ENVIRONMENTAL PROTECTION AGENCY"" entails this hypothesis: ""Agency which is responsible for the destrictuon of the environmfnt ."". The answer should only be exactly ""entailment"", ""neutral"", or ""contradiction"". One word only, Nothing else.",2,mnli,textbugger
"Please identify whether the premise: ""ENVIRONMENTAL PROTECTION AGENCY"" entails this hypothesis: ""agency which is responsible for the demolition of the surround ."". The answer should only be exactly ""entailment"", ""neutral"", or ""contradiction"". One word only, Nothing else.",2,mnli,sememepso
"Please identify whether the premise: ""Previously, at the request of the Republican Ranking Minority Member of the House Committee on Government Operations, GAO reviewed activities of President Clintonas Task Force on Health Care Reform and was provided with an extensive listing of working group participants drawn from the government and from outside organizations."" entails this hypothesis: ""GAO entirely investigated the aitcvities of President Clinton ' s Task Force on their on accord ."". The answer should only be exactly ""entailment"", ""neutral"", or ""contradiction"". One word only, Nothing else.",2,mnli,textbugger
"Please identify whether the premise: ""As of last week he charges $50 an hour minimum instead of $25 for the services of his yearling Northern Utah Legal Aid Foundation."" entails this hypothesis: ""his charges laid down."". The answer should only be exactly ""entailment"", ""neutral"", or ""contradiction"". One word only, Nothing else.",2,mnli,bertattack
"Please identify whether the premise: ""Now suppose there is a private delivery firm in Cleveland that is competing with the postal service."" entails this hypothesis: ""Inagime a stat e - run delivery firm trying to psahe out the posatl service ."". The answer should only be exactly ""entailment"", ""neutral"", or ""contradiction"". One word only, Nothing else.",2,mnli,textbugger
"Please identify whether the premise: ""In the depths of the Cold War, many Americans suspected Communists had infiltrated Washington and were about to subvert our democracy."" entails this hypothesis: """" assisted america's government during the cold war."". The answer should only be exactly ""entailment"", ""neutral"", or ""contradiction"". One word only, Nothing else.",2,mnli,bertattack
"Please identify whether the premise: ""17 ""Surely you are not thinking of refusing? "" entails this hypothesis: ""you should take up the chance ."". The answer should only be exactly ""entailment"", ""neutral"", or ""contradiction"". One word only, Nothing else.",2,mnli,textfooler
"Please identify whether the premise: ""17 ""Surely you are not thinking of refusing? "" entails this hypothesis: ""you should take up the opportunity ."". The answer should only be exactly ""entailment"", ""neutral"", or ""contradiction"". One word only, Nothing else.",2,mnli,sememepso
"Please identify whether the premise: ""Given the highly absolute logical WTO' second jurisdiction, it exist potentially reasonable  Kodak to expect a real ."" entails this hypothesis: ""Kodak was totally justified in expecting a victory."". The answer should only be exactly ""entailment"", ""neutral"", or ""contradiction"". One word only, Nothing else.",2,mnli,semattack
"Please identify whether the premise: ""Favored by the Ancient Egyptians as a source of turquoise, the Sinai was, until recently, famed for only one event but certainly an important one."" entails this hypothesis: ""The Sinai was a source of gld for the Ancient Egyptians ."". The answer should only be exactly ""entailment"", ""neutral"", or ""contradiction"". One word only, Nothing else.",2,mnli,textbugger
"Please identify whether the premise: ""In Japan, Mainichi Shimbun criticized the new Liberal Democratic Party leader Keizo Obuchi for being devoid of fresh ideas for reviving the Japanese economy."" entails this hypothesis: ""Mainichi Shimbun sanctioned of Keizo Obuchj ' s rfforts toward iproving the econmoy ."". The answer should only be exactly ""entailment"", ""neutral"", or ""contradiction"". One word only, Nothing else.",2,mnli,textbugger
"Please identify whether the premise: ""The best beach in Europe ' at least that's the verdict of its regulars."" entails this hypothesis: ""regular beachgoers say that it is the worst in europe."". The answer should only be exactly ""entailment"", ""neutral"", or ""contradiction"". One word only, Nothing else.",0,mnli,bertattack
"Please identify whether the premise: ""In Japan, Mainichi Shimbun criticized the new Liberal Democratic Party leader Keizo Obuchi for being devoid of fresh ideas for reviving the Japanese economy."" entails this hypothesis: ""mainichi shimbun was positive of keizo obuchi, the new liberal democratic party leader."". The answer should only be exactly ""entailment"", ""neutral"", or ""contradiction"". One word only, Nothing else.",0,mnli,bertattack
"Please identify whether the premise: ""South Carolina own absolute refere mighty, so the Supreme be couldce contribute the vote  peld  ban."" entails this hypothesis: ""The Supreme court upheld the ban because South Carolina has no right to make referendums."". The answer should only be exactly ""entailment"", ""neutral"", or ""contradiction"". One word only, Nothing else.",0,mnli,semattack
"Please identify whether the premise: ""The last 12 years of his life are a blank."" entails this hypothesis: ""he can the s register the past 50 meters of his life"". The answer should only be exactly ""entailment"", ""neutral"", or ""contradiction"". One word only, Nothing else.",0,mnli,bertattack
"Please identify whether the premise: ""Tracking down the tiger is a subtle affair, and requires a degree of dedication, calm, and stealth."" entails this hypothesis: ""you must be very dumb when tracking tamil ."". The answer should only be exactly ""entailment"", ""neutral"", or ""contradiction"". One word only, Nothing else.",0,mnli,sememepso
"Please identify whether the premise: ""yeah well Rochester's like right on the shores isn't it"" entails this hypothesis: ""- is wrong on the shores."". The answer should only be exactly ""entailment"", ""neutral"", or ""contradiction"". One word only, Nothing else.",0,mnli,bertattack
"Please identify whether the premise: ""The last 12 years of his life are a blank."" entails this hypothesis: ""he can ' t think the final 12 age of his life"". The answer should only be exactly ""entailment"", ""neutral"", or ""contradiction"". One word only, Nothing else.",0,mnli,textfooler
"Please identify whether the premise: ""In Texas, the legislature was instrumental in effecting changes to the state's benefit programs through provisions in several pieces of legislation."" entails this hypothesis: ""The legislative was instrunemtal in effcting changes to the beneit program ."". The answer should only be exactly ""entailment"", ""neutral"", or ""contradiction"". One word only, Nothing else.",0,mnli,textbugger
"Please identify whether the premise: ""They would burn to the ground by morning."" entails this hypothesis: ""by morning, they would grow to the ground."". The answer should only be exactly ""entailment"", ""neutral"", or ""contradiction"". One word only, Nothing else.",0,mnli,bertattack
"Please identify whether the premise: ""The sacred is not mysterious to her."" entails this hypothesis: ""the cleaning is intimate with the sacred ."". The answer should only be exactly ""entailment"", ""neutral"", or ""contradiction"". One word only, Nothing else.",0,mnli,sememepso
"Please identify whether the premise: ""The last 12 years of his life are a blank."" entails this hypothesis: ""he can ' t call the last 12 old of his life"". The answer should only be exactly ""entailment"", ""neutral"", or ""contradiction"". One word only, Nothing else.",0,mnli,sememepso
"Please identify whether the premise: ""But employers are still driving, and that's all that counts."" entails this hypothesis: "": have ceased to operate motor vehicles, and that isn is all that matters."". The answer should only be exactly ""entailment"", ""neutral"", or ""contradiction"". One word only, Nothing else.",0,mnli,bertattack
"Please identify whether the premise: ""There is nothing more to be done here, I think, unless, he stared earnestly and long at the dead ashes in the grate. "" entails this hypothesis: ""there isn ' t anything provide to set ."". The answer should only be exactly ""entailment"", ""neutral"", or ""contradiction"". One word only, Nothing else.",0,mnli,sememepso
"Please identify whether the premise: ""Apparently, Greuze wasn't worried about needing protection."" entails this hypothesis: ""greuze didn ' t interest about involve protection ."". The answer should only be exactly ""entailment"", ""neutral"", or ""contradiction"". One word only, Nothing else.",0,mnli,sememepso
"Does the This is primarily complete through noraml faulting and through the ductile stgetching and tinning . answer the What causes rock extension?? The answer should be exactly ""yes"" or ""no"". Nothing else.",0,qnli,textbugger
"Does the there , in october 1518 , under questioning by papal legate cardinal cajetan luther put that he did not look the papacy part of the biblical church because historistical interpretation of bible divination concluded that the papacy was the antichrist . answer the When was Luther examined at Augsburg by the papal legate?? The answer should be exactly ""yes"" or ""no"". Nothing else.",0,qnli,sememepso
"Does the other introduction for higher education let the medical university of warsaw , the bombastic medical school in poland and one of the most prestigious , the national defence university , high military academic institution in poland , the fryderyk chopin university of euphony the previous and tumid music schooling in polska , and one of the bombastic in eec , the warsaw school of economics , the old and most renowned economic university in the country , and the warsaw university of life sciences the largest agricultural university constitute in 1818 . answer the What is one of the largest music schools in Europe?? The answer should be exactly ""yes"" or ""no"". Nothing else.",0,qnli,textfooler
"Does the it was named new rochelle after louisiana rochelle , their former strong - wait in france . answer the What French City was New Rochelle named after?? The answer should be exactly ""yes"" or ""no"". Nothing else.",0,qnli,sememepso
"Does the the bainbridge ’ s official ledgers reported revenue by department , give birthing to the name department store . answer the How did Brainbridge's official ledgers report revenue?? The answer should be exactly ""yes"" or ""no"". Nothing else.",0,qnli,textfooler
"Does the the funeral was adjudge by his friends johannes bugenhagen and philipp philipp . answer the Who performed the funeral for Martin Luther?? The answer should be exactly ""yes"" or ""no"". Nothing else.",0,qnli,sememepso
"Does the The Taliban differed from other Islamist movements to the point where they might be more properly described as Islamic fundamentalist or neofundamentalist, interested in spreading ""an idealized and systematized version of conservative tribal village customs"" under the label of Sharia to an entire country. answer the restore Tali associate were too different from other  that they could never more accurately described as equal what?? The answer should be exactly ""yes"" or ""no"". Nothing else.",0,qnli,semattack
"Does the Where it was once the case that pharmacists stayed within the dispensary compounding/dispensing medications, there has been an increasing trend towards the use of trained pharmacy technicians while the pharmacist spends more time communicating with patients. answer the What responsibilities badly ph armacy technicians officially limited to?? The answer should be exactly ""yes"" or ""no"". Nothing else.",0,qnli,semattack
"Does the Warfare and the long occupation left the city disrupted after the war. answer the What factors negatively impacted Jacksonville  the war?? The answer should be exactly ""yes"" or ""no"". Nothing else.",0,qnli,semattack
"Does the In 1354, when Toghtogha led a large army to crush the Red Turban rebels, Toghun Temür suddenly dismissed him for fear of betrayal. answer the Why do Tog naun Temur hous Toghtog ha?? The answer should be exactly ""yes"" or ""no"". Nothing else.",0,qnli,semattack
"Does the he fire galvanic lamp wirelessly at both emplacement , march the electric of wireless force contagion . answer the What did he light at his laboratories to demonstrate his wireless power transmission?? The answer should be exactly ""yes"" or ""no"". Nothing else.",0,qnli,textfooler
"Does the to compensate for stagnating and declining purchasing power , political pressure has developed to extend easier credit to the lower and middle income earners – particularly to buy homes – and easier credit in general to keep unemployment rates low-pitched . answer the What has given the American economy a tendency to go ""from bubble to bubble""?? The answer should be exactly ""yes"" or ""no"". Nothing else.",0,qnli,textfooler
"Does the The modern trend in design is toward integration of antecedently separated sleciapties , especially among large fmris . answer the The modern trend in design is toward integration of what?? The answer should be exactly ""yes"" or ""no"". Nothing else.",0,qnli,textbugger
"Does the ET ! answer the What is the festival of food and drink known as?? The answer should be exactly ""yes"" or ""no"". Nothing else.",0,qnli,textbugger
"Does the the tay 'l ud attacked temujin ( allegedly with a genkhan of a mark of makeshift stocks ) ) but with the ins of a nearby bodyguard of the son of chiyur - who lived lived a player of ul gen - khan, ) he was reportedly to rescued from the turt ( turts the in the midst of the joint by meeting in a snow crevice ; [ r needed] answer the How was Temüjin kept imprisoned by the Tayichi'ud?? The answer should be exactly ""yes"" or ""no"". Nothing else.",0,qnli,bertattack
"Does the The Tayichi ' ud enslaved Teüjin ( reportedly with a cangue , a sort of portable stocks ), but with the help of a sympathetic guard , the father of Chilaun ( who later became a general of Genghis Khan ), he was able to escape from the ger ( yurt ) in the middle of the night by hiding in a river crevice . [ citation needed ] answer the How was Temüjin kept imprisoned by the Tayichi'ud?? The answer should be exactly ""yes"" or ""no"". Nothing else.",0,qnli,textbugger
"Does the the social were held in german , as it was a shoal within the austro - hungarian military frontier . answer the What language were classes held in at Tesla's school?? The answer should be exactly ""yes"" or ""no"". Nothing else.",0,qnli,sememepso
"Does the Since the eighties , Lutheran Church wenominations have reputiaded Martin Luther ' s statement against the Jws and have jilted the ue of them to incite hatted against Lutherans . answer the When have Lutheran Churches repudiated Luther's statements about the Jews?? The answer should be exactly ""yes"" or ""no"". Nothing else.",0,qnli,textbugger
"Does the its growth was reverse by the departure of the american colonies in 1776 . answer the When did Great Britain lose its colonies in North America?? The answer should be exactly ""yes"" or ""no"". Nothing else.",0,qnli,textfooler
"Does the In 107 , he was appointed to the prisethood , and in 1508 , von Stiupatz , first dan of the newly foundd university of Wibtenterg , sent for Ltuher , to teach tgeolohy . answer the When was Martin Luther ordained as a priest?? The answer should be exactly ""yes"" or ""no"". Nothing else.",0,qnli,textbugger
"Does the each midsummer’s eve, apart from the official floating of wreath wreath - jumping over fires, looking for the fern flower, there are musical performances, dignitaries' speeches, fairs and fireworks by the river bank. answer the What type of flower is sought on Midsummer's Eve?? The answer should be exactly ""yes"" or ""no"". Nothing else.",0,qnli,bertattack
"Does the the modern trend in design is toward integration of previously separated speciality , especially among expectant house . answer the The modern trend in design is toward integration of what?? The answer should be exactly ""yes"" or ""no"". Nothing else.",0,qnli,sememepso
"Does the in the early 1950s , student applications correct as a result of increasing crime and poverty in the hyde park neighborhood . answer the In what year did the university first see a drop in applications?? The answer should be exactly ""yes"" or ""no"". Nothing else.",0,qnli,sememepso
"Does the in the other 1970s , trevor dean bring the function in md who and the daleks in the seven tonality to doomsday . answer the Who played Doctor Who on stage in the 70's?? The answer should be exactly ""yes"" or ""no"". Nothing else.",0,qnli,textfooler
"Does the The phylum has a wide range of body forms , include the planate , dwep - sea platyctenids , in which the adults of most species lack combs , and the coastal geroids , which lack tentac1es and prey on other ctenophores by using huge mouths armed with groups of large , stiffened cilia that act as tefth . answer the What do Beriods use as teeth?? The answer should be exactly ""yes"" or ""no"". Nothing else.",0,qnli,textbugger
"Does the the tayichi ' ud enslaved temüjin ( reportedly with a cangue , a sort of portable stocks ), but with the help of a sympathetic precaution , the father of chilaun ( who later became a general of genghis khan ), he was able to escape from the ger ( yurt ) in the middle of the night by hiding in a river crevice . [ citation need ] answer the How was Temüjin kept imprisoned by the Tayichi'ud?? The answer should be exactly ""yes"" or ""no"". Nothing else.",0,qnli,sememepso
"Does the In February 1912, an article—""Nikola Tesla, Dreamer"" by Allan L. Benson—was published in World Today, in which an artist's illustration appears showing the entire earth cracking in half with the caption, ""Tesla claims that in a few weeks he could set the earth's crust into such a state of vibration that it would rise and fall hundreds of feet and practically destroy civilization. answer the What  loan an video  Tesla roughly 1912?? The answer should be exactly ""yes"" or ""no"". Nothing else.",0,qnli,semattack
"Does the - - that a fountain was lowered over his ashes to drive it une to ma (the same thing of tombs as the the assyrian story urnesha of ur and artur the hun). answer the What kind of water body is rumored to be obscuring Genghis Khan's burial site?? The answer should be exactly ""yes"" or ""no"". Nothing else.",0,qnli,bertattack
"Does the Henry Young Darracott Scott , also of the royal Eneinegrs . answer the Who was brought it to work on the museum after the death of Captain Francis Fowke?? The answer should be exactly ""yes"" or ""no"". Nothing else.",0,qnli,textbugger
"Does the the bainbridge ’ s official ledgers reported gross by department , afford birth to the name department store . answer the How did Brainbridge's official ledgers report revenue?? The answer should be exactly ""yes"" or ""no"". Nothing else.",0,qnli,sememepso
"Does the as of that day , the new constitution heralding the second republic fall into personnel . answer the What came into force after the new constitution was herald?? The answer should be exactly ""yes"" or ""no"". Nothing else.",0,qnli,sememepso
"Does the this role may be building reversng as additionally pharmacies begin to work directly with patients, commonly will older elderly will are now losing common medications but continue to live outside of therapeutic settings. answer the What is the main reason consulting pharmacists are increasingly working directly with patients?? The answer should be exactly ""yes"" or ""no"". Nothing else.",0,qnli,bertattack
"Does the This resulted in one main case, Commission v Edith Cresson where the European Court of Justice held that a Commissioner giving her dentist a job, for which he was clearly unqualified, did in fact not break any law. answer the The censuring of the Santer Commission  resulted in  wel case?? The answer should be exactly ""yes"" or ""no"". Nothing else.",0,qnli,semattack
"Does the according to a 1955 review , savings by the wealthy , if these increase with inequality , were remember to set decreased consumer demand . answer the According to a 1955 review, what were savings by the wealthy thought to offset?? The answer should be exactly ""yes"" or ""no"". Nothing else.",0,qnli,textfooler
"Does the the bainbridge’s original ledgers reported revenue by department, giving birth to the, mart store. answer the How did Brainbridge's official ledgers report revenue?? The answer should be exactly ""yes"" or ""no"". Nothing else.",0,qnli,bertattack
"Does the According to a 1955 review, savings by the wealthy, if these increase with inequality, were thought to offset reduced consumer demand. answer the According to a 1955 review, what  savings by rob wealth thy contribute  divine?? The answer should be exactly ""yes"" or ""no"". Nothing else.",0,qnli,semattack
"Does the these connect through the mecocomta to the most advanced services of the animal - the spa and pharynx. the end of the nostrils, if possible ; all along the superior of front. head : and three stalks : the absorption tube at the posterior centre from the swallowed – half of these 16 root terminate in transverse pores. answer the What are the most active parts of ctenophora?? The answer should be exactly ""yes"" or ""no"". Nothing else.",0,qnli,bertattack
"Does the when it came to explaining life - configuration , agassiz resorted to matters of shape based on a presumed archetype for his evidence . answer the Agassiz's approach to science combined observation and what?? The answer should be exactly ""yes"" or ""no"". Nothing else.",1,qnli,sememepso
"Does the Linebacker Luke Kuechly had 11 total tackles, while Thomas Davis had seven, despite playing just two weeks after breaking his right arm in the NFC title game. answer the How many partdowns do Manning throw in the game?? The answer should be exactly ""yes"" or ""no"". Nothing else.",1,qnli,semattack
"Does the Newcastle School for Boys is the only independent boys' only school in the city and is situated in Gosforth. answer the What exist the largest co-ed independent school in Newcastle?? The answer should be exactly ""yes"" or ""no"". Nothing else.",1,qnli,semattack
"Does the he was one of the first mathematicians in china to work on θ trigonometry. answer the What did Gou use for astronomy?? The answer should be exactly ""yes"" or ""no"". Nothing else.",1,qnli,bertattack
"Does the due to an fcc ban on same - market ownership of television and radio stations by a single company ( although the deal would have otherwise abide with new ownership rules implemented by the fcc in january 1985 , that allowed broadcasters to own a maximum of 12 television stations ), abc and capital urban respectively decided to sell wxyz - tv and tampa independent station wfts - tv to the e . atomic . scripps company ( although capital cities / abc originally intended to seek a cross - ownership waiver to retain wxyz and capital cities - owned radio stations wjr and whyt ). answer the How much did Capital Cities Communications purchase ABC and its properties for?? The answer should be exactly ""yes"" or ""no"". Nothing else.",1,qnli,sememepso
"Does the brownlee argues , "" bringing in deterrence at the level of justification detracts from the law ’ s engagement in a moral talks with the offender as a rational person because it focuses attention on the threat of punishment and not the moral reasons to follow this law ."" answer the Who decides the fate of protesters most of the time?? The answer should be exactly ""yes"" or ""no"". Nothing else.",1,qnli,sememepso
"Does the Brownlee argues , "" Bringing in deterrence at the level of justification drteacts from the law ’ s engagement in a moral dialogue with the offender as a rational person because it focuses attention on the threat of punishment and not the moral reasons to follow this law ."" answer the Who decides the fate of protesters most of the time?? The answer should be exactly ""yes"" or ""no"". Nothing else.",1,qnli,textbugger
"Does the This line 8ecame stuck in the public consciousness despite not often being repeated , and was recognised by producers of the show as a plot obslacte for when the show finally had to regenerate the Doctor a thirteenth time . answer the In what year did the film also mention the number of regenerations?? The answer should be exactly ""yes"" or ""no"". Nothing else.",1,qnli,textbugger
"Does the this line became stuck in the public consciousness despite not often being repeated, and was adopted by producers of the show as a plot obstacle for when the show finally had to regenerate the doctor a thirteenth time. answer the In what year did the film also mention the number of regenerations?? The answer should be exactly ""yes"" or ""no"". Nothing else.",1,qnli,bertattack
"Does the Although parts of Sunnyside are within the City of Fresno, much of the neighborhood is a ""county island"" within Fresno County. answer the What are the two major squadfares of Sunnyside?? The answer should be exactly ""yes"" or ""no"". Nothing else.",1,qnli,semattack
"Does the likewise the tower above the main entrance has an open work crown surmounted by a statue of fame , a feature of late gothic architecture and a feature common in scotland , but the detail is classic . answer the Statues of British artists adorn which part of the tower above the main entrance?? The answer should be exactly ""yes"" or ""no"". Nothing else.",1,qnli,sememepso
"Does the brownlee argues , "" bringing in deterrence at the level of justification detracts from the law ’ s engagement in a moral dialogue with the offender as a rational person because it focuses attention on the threat of punishment and not the moral reason to follow this law ."" answer the Who decides the fate of protesters most of the time?? The answer should be exactly ""yes"" or ""no"". Nothing else.",1,qnli,textfooler
"Does the Southern California is also important to the world of yachting. answer the What is favorite name of greatest professional sk film businesser that lives in southern California?? The answer should be exactly ""yes"" or ""no"". Nothing else.",1,qnli,semattack
"Does the newcastle-upon-tyne was part of the county of northumberland until 1400 , when it became a county itself , a status it retained until becoming part of tyne and wear in 1974 . [ not in citation given ] answer the What's the regional nickname for Newcastle and its surrounding area?? The answer should be exactly ""yes"" or ""no"". Nothing else.",1,qnli,sememepso
"Does the But snow is very rare in the Southwest of the state, it occurs on the Southeast of the state. answer the What uniformly toward low end of eastern temperature range near summer?? The answer should be exactly ""yes"" or ""no"". Nothing else.",1,qnli,semattack
"Does the the most, tributaries in this area are the ill below of strasbourg, the neckar in mannheim and the dear across from mainz. answer the What is the first major city in the course of the Rhine?? The answer should be exactly ""yes"" or ""no"". Nothing else.",1,qnli,bertattack
"Does the the first attempt to internationalize the abc television web date back to the 1950s , after leonard goldenson , succeed the united paramount theatres model , assay to use on abc the same scheme he let work in boom upt ' s theater operation to the international market . answer the Why was NBC unable to broadcast the coronation of Queen Elizabeth II?? The answer should be exactly ""yes"" or ""no"". Nothing else.",1,qnli,textfooler
"Does the this short became stuck in the public consciousness despite not often being repeated , and was recognised by producers of the show as a game obstacle for when the show finally had to regenerate the doctor a thirteenth time . answer the In what year did the film also mention the number of regenerations?? The answer should be exactly ""yes"" or ""no"". Nothing else.",1,qnli,sememepso
"Does the newcastle was part of the county of northumberland until 1400 , when it became a county itself , a status it retained until becoming part of tyne and wear in 1974 . [ not in quote cave ] answer the What's the regional nickname for Newcastle and its surrounding area?? The answer should be exactly ""yes"" or ""no"". Nothing else.",1,qnli,textfooler
"Does the The citg also has a Radio ice station based at the Great North Children ' s Hospital in the Newcastle Royal Victoria Infirmary . answer the How long has Radio Tyneside been the voluntary hospital radio service?? The answer should be exactly ""yes"" or ""no"". Nothing else.",1,qnli,textbugger
"Does the The actual number of legions present at any base or in all, depended on whether a state or threat of war existed. answer the How  lodions in  bases properly defend imperial Rhine by imperial Romans?? The answer should be exactly ""yes"" or ""no"". Nothing else.",1,qnli,semattack
"Does the Its population is estimated at 1 . 740 million residents within a greater metropolitan area of 2 . 666 million residents , which makes Warsaw the 9th most - populous capital city in the European Union . answer the What river runs through Warsaw?? The answer should be exactly ""yes"" or ""no"". Nothing else.",1,qnli,textbugger
"Does the warsaw stay the uppercase of the polish – lithuanian commonwealth until 1796 , when it was annexed by the kingdom of prussia to become the capital of the province of south prussia . answer the When did Warsaw become the center of the Congress Poland?? The answer should be exactly ""yes"" or ""no"". Nothing else.",1,qnli,sememepso
"Does the Free oxygen gas was almost nonexistent in Earth's atmosphere before photosynthetic archaea and bacteria evolved, probably about 3.5 billion years ago. answer the At first, what did oxygen and iron  to form?? The answer should be exactly ""yes"" or ""no"". Nothing else.",1,qnli,semattack
"Does the Tesla was able to perform integral calculus in his head, which prompted his teachers to believe that he was cheating. answer the When featuring Tes otherwise graduate?? The answer should be exactly ""yes"" or ""no"". Nothing else.",1,qnli,semattack
"Does the Wxrsaw remianed the capit4l of the Polish – Lithuanian Commonwealth until 1796 , when it was annexed by the Kingdom of Prussia to become the capital of the province of South preussen . answer the When did Warsaw become the center of the Congress Poland?? The answer should be exactly ""yes"" or ""no"". Nothing else.",1,qnli,textbugger
"Does the newcastle school for son is the only independent boys ' only school in the city and is situated in gosforth . answer the What is the largest co-ed independent school in Newcastle?? The answer should be exactly ""yes"" or ""no"". Nothing else.",1,qnli,textfooler
"Does the the earlier they surrendered to the mongols, the higher they were placed, the more the held out, the higher they were ranked. answer the Why were Southern Chinese ranked lower?? The answer should be exactly ""yes"" or ""no"". Nothing else.",1,qnli,bertattack
"Does the ABC's master feed is transmitted in 720p high definition, the native resolution format for The Walt Disney Company's U.S. television properties. answer the How many affiliates have  ABC network feed in 480i  definition?? The answer should be exactly ""yes"" or ""no"". Nothing else.",1,qnli,semattack
"Does the When it came to explaining life - forms , Agassiz resotred to matters of shape based on a presumed archetype for his evidence . answer the Agassiz's approach to science combined observation and what?? The answer should be exactly ""yes"" or ""no"". Nothing else.",1,qnli,textbugger
"Does the its population is estimated at 1.740 million residents within a greater metropolitan area of 2.666 million residents, which makes warsaw the 9th most the populous capital city in the european union. answer the What river runs through Warsaw?? The answer should be exactly ""yes"" or ""no"". Nothing else.",1,qnli,bertattack
"Does the they also won the country ` the championship in 1946, and won the cup twice as well. answer the Who won the Ekstraklasa Championship in 2000?? The answer should be exactly ""yes"" or ""no"". Nothing else.",1,qnli,bertattack
"Does the This process, where the etioplast becomes a chloroplast, takes several hours. answer the What reached approximate physioplast?? The answer should be exactly ""yes"" or ""no"". Nothing else.",1,qnli,semattack
"Does the May of souhern California ' s most developed cities lis along or in near proximity to the csaot , with the exceptoin of S an B3rnardino and Riverside . answer the What is the population of the second largest city in California?? The answer should be exactly ""yes"" or ""no"". Nothing else.",1,qnli,textbugger
"Does the in 1882 , tesla began working for the continental edison company in jacques , designing and making improvements to electrical equipment . answer the When did Tesla move to New York City?? The answer should be exactly ""yes"" or ""no"". Nothing else.",1,qnli,sememepso
"Does the ) (polish: warszawa [varˈʂava] ( listen); see also other names) is the capital and largest city of poland. answer the How many residents does the greater metropolitan area have?? The answer should be exactly ""yes"" or ""no"". Nothing else.",1,qnli,bertattack
"Does the In December 1544, he began to feel the effects of angina. answer the What kill Luther begin to feel  1536?? The answer should be exactly ""yes"" or ""no"". Nothing else.",1,qnli,semattack
"Please identify whether Question1: ""How do you start a private equity firm?"" has the same meaning as Question2: ""how come i go a successful secret equity firm ?"". The answer should only be exactly ""yes"" or ""no"". One word only, Nothing else.",1,qqp,sememepso
"Please identify whether Question1: ""Why allopath typically approve herbation?"" has the same meaning as Question2: ""Does allopathy approve masterbation?"". The answer should only be exactly ""yes"" or ""no"". One word only, Nothing else.",1,qqp,semattack
"Please identify whether Question1: ""Why did the US invade Iraq in 2003?"" has the same meaning as Question2: ""What light-emitting to the US invaeing Iraq in 203 ?"". The answer should only be exactly ""yes"" or ""no"". One word only, Nothing else.",1,qqp,textbugger
"Please identify whether Question1: ""What are your views about demonetisation in India?"" has the same meaning as Question2: ""what? you look about the customs on grand and so cent coins in india?"". The answer should only be exactly ""yes"" or ""no"". One word only, Nothing else.",1,qqp,bertattack
"Please identify whether Question1: ""Why do so many people hate Hilary Clinton?"" has the same meaning as Question2: ""what are the intellect that masses dislike hillary william ?"". The answer should only be exactly ""yes"" or ""no"". One word only, Nothing else.",1,qqp,textfooler
"Please identify whether Question1: ""How can I lose weight effectively?"" has the same meaning as Question2: ""how manage i misplace free from 70 to 50 ?"". The answer should only be exactly ""yes"" or ""no"". One word only, Nothing else.",1,qqp,sememepso
"Please identify whether Question1: ""Who will win war between Russia and US?"" has the same meaning as Question2: ""if usa perish to war against russia tomorrow , who would be likely to acquire in the end , if any ?"". The answer should only be exactly ""yes"" or ""no"". One word only, Nothing else.",1,qqp,sememepso
"Please identify whether Question1: ""Why do we need to philosophize?"" has the same meaning as Question2: ""why coiffure we need to philosophise with others ?"". The answer should only be exactly ""yes"" or ""no"". One word only, Nothing else.",1,qqp,sememepso
"Please identify whether Question1: ""How do you arrest German Shepherd/H unk pupies from pieceing your ?"" has the same meaning as Question2: ""How do I stop my Chihuahua from biting my shoes?"". The answer should only be exactly ""yes"" or ""no"". One word only, Nothing else.",1,qqp,semattack
"Please identify whether Question1: ""Can we compute uses using C#?"" has the same meaning as Question2: ""Can we create viruses using C#?"". The answer should only be exactly ""yes"" or ""no"". One word only, Nothing else.",1,qqp,semattack
"Please identify whether Question1: ""What song do you like to sing along to most?"" has the same meaning as Question2: ""what is one birdcall you can ' t service but whistle along to when it comes on ?"". The answer should only be exactly ""yes"" or ""no"". One word only, Nothing else.",1,qqp,sememepso
"Please identify whether Question1: ""What are the movies one should see?"" has the same meaning as Question2: ""what are the worst movies i have to see?"". The answer should only be exactly ""yes"" or ""no"". One word only, Nothing else.",1,qqp,bertattack
"Please identify whether Question1: ""How can you make money with Instagram?"" has the same meaning as Question2: ""how do people rob money from instagram?"". The answer should only be exactly ""yes"" or ""no"". One word only, Nothing else.",1,qqp,bertattack
"Please identify whether Question1: ""Where can I get sparkling and well maintained cleaning service in Sydney?"" has the same meaning as Question2: ""where can i hire toilet customers in sydney?"". The answer should only be exactly ""yes"" or ""no"". One word only, Nothing else.",1,qqp,bertattack
"Please identify whether Question1: ""Does Mike Wazowski blink or wink?"" has the same meaning as Question2: ""do mike wazowski water or twinkle ?"". The answer should only be exactly ""yes"" or ""no"". One word only, Nothing else.",1,qqp,textfooler
"Please identify whether Question1: ""Does masturbation causes pimples?"" has the same meaning as Question2: ""How bad is onanism and what are the bad personal ?"". The answer should only be exactly ""yes"" or ""no"". One word only, Nothing else.",1,qqp,textbugger
"Please identify whether Question1: ""What is the best way to encourage 4-5 year olds to play chess?"" has the same meaning as Question2: ""what is the safe way to instruct my 4 - 5 year old to run bromus ?"". The answer should only be exactly ""yes"" or ""no"". One word only, Nothing else.",1,qqp,sememepso
"Please identify whether Question1: ""How do you tell someone  you 't like them?"" has the same meaning as Question2: ""How do you tell someone that thinks you like them, that you don't actually like them?"". The answer should only be exactly ""yes"" or ""no"". One word only, Nothing else.",1,qqp,semattack
"Please identify whether Question1: ""What books should I read as an aspiring entrepreneur?"" has the same meaning as Question2: ""what are the top al-qur'an an aspiring teen enterpriser should translate ?"". The answer should only be exactly ""yes"" or ""no"". One word only, Nothing else.",1,qqp,textfooler
"Please identify whether Question1: ""What the rest of this math ?"" has the same meaning as Question2: ""What is the meanings of life?"". The answer should only be exactly ""yes"" or ""no"". One word only, Nothing else.",1,qqp,semattack
"Please identify whether Question1: ""Did anyone get called after the Google APAC 2017 University Test Round A held on 10th July, 2016?"" has the same meaning as Question2: ""has anyone like an arc award for social appap 5 open 1?"". The answer should only be exactly ""yes"" or ""no"". One word only, Nothing else.",1,qqp,bertattack
"Please identify whether Question1: ""considerable ual motion possible i?"" has the same meaning as Question2: ""How and why is perpetual motion impossible?"". The answer should only be exactly ""yes"" or ""no"". One word only, Nothing else.",1,qqp,semattack
"Please identify whether Question1: ""What does Quora mean?"" has the same meaning as Question2: ""make quora tolerate for dubiousness or answer ?"". The answer should only be exactly ""yes"" or ""no"". One word only, Nothing else.",1,qqp,textfooler
"Please identify whether Question1: ""What books should I read as an aspiring entrepreneur?"" has the same meaning as Question2: ""what are the top al-qur'an an aspiring teenaged entrepreneur should show ?"". The answer should only be exactly ""yes"" or ""no"". One word only, Nothing else.",1,qqp,sememepso
"Please identify whether Question1: ""Why do Philippine ask  Temporary Arbitration  Hague, not  UN backed courts to solve the water territory dispute with China over SCS?"" has the same meaning as Question2: ""Why didn't Philippine ask the UN backed courts to rule, instead of the black-box operated and private Arbitration to rule for the SCS?"". The answer should only be exactly ""yes"" or ""no"". One word only, Nothing else.",1,qqp,semattack
"Please identify whether Question1: ""How can we eradicate corruption?"" has the same meaning as Question2: ""how can people ’ s participation eradicate putrescence ?"". The answer should only be exactly ""yes"" or ""no"". One word only, Nothing else.",1,qqp,textfooler
"Please identify whether Question1: ""How does one avoid existential depression?"" has the same meaning as Question2: ""how do i achieve existent a depression?"". The answer should only be exactly ""yes"" or ""no"". One word only, Nothing else.",1,qqp,bertattack
"Please identify whether Question1: ""Is there a tutorial on how to use Quora?"" has the same meaning as Question2: ""how do i die using quora?"". The answer should only be exactly ""yes"" or ""no"". One word only, Nothing else.",1,qqp,bertattack
"Please identify whether Question1: ""Which issue first: i g heavy section?"" has the same meaning as Question2: ""Who came first, hen or egg?"". The answer should only be exactly ""yes"" or ""no"". One word only, Nothing else.",1,qqp,semattack
"Please identify whether Question1: ""What are the best ways to learn to cook?"" has the same meaning as Question2: ""how do i learn to falsify ?"". The answer should only be exactly ""yes"" or ""no"". One word only, Nothing else.",1,qqp,sememepso
"Please identify whether Question1: ""What's the difference between cd and DVD?"" has the same meaning as Question2: ""what is dispute between cadmium and dvd ?"". The answer should only be exactly ""yes"" or ""no"". One word only, Nothing else.",1,qqp,sememepso
"Please identify whether Question1: ""What people who you've never met have influenced your life the most?"" has the same meaning as Question2: ""who are multitude you have never touch who have accept the groovy influence on your lifespan ?"". The answer should only be exactly ""yes"" or ""no"". One word only, Nothing else.",1,qqp,textfooler
"Please identify whether Question1: ""What are the best things to do in Hong Kong?"" has the same meaning as Question2: ""what is the undecomposed thing in hong kong ?"". The answer should only be exactly ""yes"" or ""no"". One word only, Nothing else.",1,qqp,sememepso
"Please identify whether Question1: ""How do you get better grades?"" has the same meaning as Question2: ""how can i consistently fail my grades?"". The answer should only be exactly ""yes"" or ""no"". One word only, Nothing else.",1,qqp,bertattack
"Please identify whether Question1: ""Is it possible to choose your dreams?"" has the same meaning as Question2: ""how can i trick my dreams?"". The answer should only be exactly ""yes"" or ""no"". One word only, Nothing else.",1,qqp,bertattack
"Please identify whether Question1: ""How dress I put scrining   myself?"" has the same meaning as Question2: ""Can I take out a restraining order against myself?"". The answer should only be exactly ""yes"" or ""no"". One word only, Nothing else.",1,qqp,semattack
"Please identify whether Question1: ""Are the zeroes of the Riemann zeta function simple?"" has the same meaning as Question2: ""Are all nontrivial nothing of the Riemann zet a funoticn wimple ?"". The answer should only be exactly ""yes"" or ""no"". One word only, Nothing else.",1,qqp,textbugger
"Please identify whether Question1: ""How does cigarette smoke affect you?"" has the same meaning as Question2: ""why is the word afraid used in this time?"". The answer should only be exactly ""yes"" or ""no"". One word only, Nothing else.",0,qqp,bertattack
"Please identify whether Question1: ""How does cigarette smoke affect you?"" has the same meaning as Question2: ""Why is the word frightened used in this t ime ?"". The answer should only be exactly ""yes"" or ""no"". One word only, Nothing else.",0,qqp,textbugger
"Please identify whether Question1: ""Is functional medicine a scam?"" has the same meaning as Question2: ""Is Fubkcook a scam ?"". The answer should only be exactly ""yes"" or ""no"". One word only, Nothing else.",0,qqp,textbugger
"Please identify whether Question1: ""What are the APPROVALS required for A real ESTATE PROJECT?"" has the same meaning as Question2: ""how follows a many gesture love?"". The answer should only be exactly ""yes"" or ""no"". One word only, Nothing else.",0,qqp,bertattack
"Please identify whether Question1: ""What makes Axl Rose's voice unique?"" has the same meaning as Question2: ""is axl ascend homophile ?"". The answer should only be exactly ""yes"" or ""no"". One word only, Nothing else.",0,qqp,sememepso
"Please identify whether Question1: ""Do animals know that they are alive?"" has the same meaning as Question2: "". animals understand that plants are alive?"". The answer should only be exactly ""yes"" or ""no"". One word only, Nothing else.",0,qqp,bertattack
"Please identify whether Question1: ""What are some interesting areas of microbiology that I could do undergraduate honors thesis dead?"" has the same meaning as Question2: ""What are some interesting areas of English that I could do undergraduate honors thesis in?"". The answer should only be exactly ""yes"" or ""no"". One word only, Nothing else.",0,qqp,semattack
"Please identify whether Question1: ""Can I get jio sim em 17 and have aadhar card?"" has the same meaning as Question2: ""Can I get a Jio sim through my Aadhar Card, if I am not 18?"". The answer should only be exactly ""yes"" or ""no"". One word only, Nothing else.",0,qqp,semattack
"Please identify whether Question1: ""Why we need vls?"" has the same meaning as Question2: ""Can Tuna Cause Mercury Poisoning?"". The answer should only be exactly ""yes"" or ""no"". One word only, Nothing else.",0,qqp,semattack
"Please identify whether Question1: ""Is it true that humans only use 10% of persistent brains?"" has the same meaning as Question2: ""Is it true that humans only use 10% of their liver?"". The answer should only be exactly ""yes"" or ""no"". One word only, Nothing else.",0,qqp,semattack
"Please identify whether Question1: ""What are some interesting areas of communications that I could do undergraduate honors thesis no?"" has the same meaning as Question2: ""What are some interesting areas of geology that I could do undergraduate honors thesis in?"". The answer should only be exactly ""yes"" or ""no"". One word only, Nothing else.",0,qqp,semattack
"Please identify whether Question1: ""What is the user code in Aadhar's login? Where can I find it?"" has the same meaning as Question2: ""Where can I buy a keg fll of beer in republic ?"". The answer should only be exactly ""yes"" or ""no"". One word only, Nothing else.",0,qqp,textbugger
"Please identify whether Question1: ""What is it like to study in Llandudno?"" has the same meaning as Question2: ""crossing figo 2016 or tremendous i10 petrol 1 . 2 only ?"". The answer should only be exactly ""yes"" or ""no"". One word only, Nothing else.",0,qqp,sememepso
"Please identify whether Question1: ""What is it like to study in Llandudno?"" has the same meaning as Question2: ""For d Figo 2016 or Grand i10 petol 1 . 2 only ?"". The answer should only be exactly ""yes"" or ""no"". One word only, Nothing else.",0,qqp,textbugger
"Please identify whether Question1: ""What are some interesting areas  communications that I could do undergraduate honors thesis in?"" has the same meaning as Question2: ""What are some interesting areas of nutrition that I could do undergraduate honors thesis in?"". The answer should only be exactly ""yes"" or ""no"". One word only, Nothing else.",0,qqp,semattack
"Please identify whether Question1: ""How do I travel Singapore without field packages?"" has the same meaning as Question2: ""How do I book Kashmir Tour Packages?"". The answer should only be exactly ""yes"" or ""no"". One word only, Nothing else.",0,qqp,semattack
"Please identify whether Question1: ""How much impact Quora has made on your life?"" has the same meaning as Question2: ""can a small neutron star get destroyed if it enters the roche limit of a biggest neutron star?"". The answer should only be exactly ""yes"" or ""no"". One word only, Nothing else.",0,qqp,bertattack
"Please identify whether Question1: ""Who are the best upfesors in Material  den IITB?"" has the same meaning as Question2: ""Is it okay for a 16 year old to be friends with benefits with a 13 year old?"". The answer should only be exactly ""yes"" or ""no"". One word only, Nothing else.",0,qqp,semattack
"Please identify whether Question1: ""Do you like ime?"" has the same meaning as Question2: ""Why do you hate animals?"". The answer should only be exactly ""yes"" or ""no"". One word only, Nothing else.",0,qqp,semattack
"Please identify whether Question1: ""How much you have origin final the professional level?"" has the same meaning as Question2: ""How can I find a fb password?"". The answer should only be exactly ""yes"" or ""no"". One word only, Nothing else.",0,qqp,semattack
"Please identify whether Question1: ""Is Rupert Murdoch Jewish?"" has the same meaning as Question2: ""who is? murdoch?"". The answer should only be exactly ""yes"" or ""no"". One word only, Nothing else.",0,qqp,bertattack
"Please identify whether Question1: ""What makes Axl Rose's voice unique?"" has the same meaning as Question2: ""is axl arise homophile ?"". The answer should only be exactly ""yes"" or ""no"". One word only, Nothing else.",0,qqp,textfooler
"Please identify whether Question1: ""Do animals know that they are alive?"" has the same meaning as Question2: ""Do animals understand that pnalts are alive ?"". The answer should only be exactly ""yes"" or ""no"". One word only, Nothing else.",0,qqp,textbugger
"Please identify whether Question1: ""How do I block WhatsApp in my ship's wireless network?"" has the same meaning as Question2: ""How do I hack wireless network?"". The answer should only be exactly ""yes"" or ""no"". One word only, Nothing else.",0,qqp,semattack
"Please identify whether Question1: ""Your girlfriend/wife refused to have an abortion, so you leave and she raises the child. How do you feel about being a deadbeat dad?"" has the same meaning as Question2: ""what are places where boys like to be relate by a girl ?"". The answer should only be exactly ""yes"" or ""no"". One word only, Nothing else.",0,qqp,textfooler
"Please identify whether Question1: ""Whose Economy is in better shape in 2016: Pakistan or Bangladesh?"" has the same meaning as Question2: ""perform pakistan detest bangladesh ?"". The answer should only be exactly ""yes"" or ""no"". One word only, Nothing else.",0,qqp,textfooler
"Please identify whether Question1: ""What be the side effects of AlgaeCal?"" has the same meaning as Question2: ""What are the side effects of masturbation?"". The answer should only be exactly ""yes"" or ""no"". One word only, Nothing else.",0,qqp,semattack
"Please identify whether Question1: ""Institute  Anand Raj micro30?"" has the same meaning as Question2: """"""""how to"""" set ringtone in I phone without itune or computer? Song file is not in my phone"""". The answer should only be exactly ""yes"" or ""no"". One word only, Nothing else.",0,qqp,semattack
"Please identify whether Question1: ""Whose Economy is in better shape in 2016: Pakistan or Bangladesh?"" has the same meaning as Question2: ""answer pakistan hate bangladesh ?"". The answer should only be exactly ""yes"" or ""no"". One word only, Nothing else.",0,qqp,sememepso
"Please identify whether Question1: ""What exist near lowest temperature nearby Australia?"" has the same meaning as Question2: ""What is the lowest temperature in the universe?"". The answer should only be exactly ""yes"" or ""no"". One word only, Nothing else.",0,qqp,semattack
"Please identify whether Question1: ""Is functional medicine a scam?"" has the same meaning as Question2: ""is fuckingboard a scam?"". The answer should only be exactly ""yes"" or ""no"". One word only, Nothing else.",0,qqp,bertattack
"Please identify whether Question1: ""What makes Axl Rose's voice unique?"" has the same meaning as Question2: ""Is Axl Rose gat ?"". The answer should only be exactly ""yes"" or ""no"". One word only, Nothing else.",0,qqp,textbugger
"Please identify whether Question1: ""Which of  following does not represent an activity?"" has the same meaning as Question2: ""Is your tap water metered and which state you live in?"". The answer should only be exactly ""yes"" or ""no"". One word only, Nothing else.",0,qqp,semattack
"Please identify whether Question1: ""Your girlfriend/wife refused to have an abortion, so you leave and she raises the child. How do you feel about being a deadbeat dad?"" has the same meaning as Question2: ""what are places where boys like to be impact by a girl ?"". The answer should only be exactly ""yes"" or ""no"". One word only, Nothing else.",0,qqp,sememepso
"Please identify whether Question1: ""What is the relevance of legal reasoning in the legal process and court decisions?"" has the same meaning as Question2: ""Hello from Russia . How do you feep about Russian ? I have friends from the US , but I understand that they not objective in this question ? T hank you"". The answer should only be exactly ""yes"" or ""no"". One word only, Nothing else.",0,qqp,textbugger
"Please identify whether Question1: ""What is the relevance of legal reasoning in the legal process and court decisions?"" has the same meaning as Question2: ""how-do-you-do from russian . how arrange you finger about russian ? i have friends from the us , but i understand that they not objective in this question ? thank you"". The answer should only be exactly ""yes"" or ""no"". One word only, Nothing else.",0,qqp,sememepso
"Please identify whether Question1: ""Am I eligible to do a BMM after  diploma?"" has the same meaning as Question2: ""I have a diploma in management. Am I eligible to pursue a Ph.D. in psychology?"". The answer should only be exactly ""yes"" or ""no"". One word only, Nothing else.",0,qqp,semattack
"You must choose exactly one word from these two options: [""positive"", ""negative""]. Analyze this sentence and only reply with one word: it'isn great escapist fun that recreates a feel and time that will never happen again. ",1,sst2,bertattack
"You must choose exactly one word from these two options: [""positive"", ""negative""]. Analyze this sentence and only reply with one word: goor old - fashioned slash - and - hack is back !",1,sst2,textbugger
"You must choose exactly one word from these two options: [""positive"", ""negative""]. Analyze this sentence and only reply with one word: seldom suffer a movie too closely matched  spirit of a man and his work .",1,sst2,semattack
"You must choose exactly one word from these two options: [""positive"", ""negative""]. Analyze this sentence and only reply with one word: it ' s one of those baseball pictures where the hero is stoic , the wife is patient , the kids are as cute as all suffer - out and the odds against success are long enough to intimidate , but short enough to make a dream seem possible .",1,sst2,sememepso
"You must choose exactly one word from these two options: [""positive"", ""negative""]. Analyze this sentence and only reply with one word: escaping the studio , piccoli is quickly affecting and so word keen adroitly minimali movie ",1,sst2,semattack
"You must choose exactly one word from these two options: [""positive"", ""negative""]. Analyze this sentence and only reply with one word: on this issue topic... thepole is very - a step in the right direction so with its blend of frankness, civility and compassion. ",1,sst2,bertattack
"You must choose exactly one word from these two options: [""positive"", ""negative""]. Analyze this sentence and only reply with one word: a tender , upfe family drama .",1,sst2,semattack
"You must choose exactly one word from these two options: [""positive"", ""negative""]. Analyze this sentence and only reply with one word: . master manei is a very original artist in his medium ) and what time is it there? ",1,sst2,bertattack
"You must choose exactly one word from these two options: [""positive"", ""negative""]. Analyze this sentence and only reply with one word: undecomposed old - fashioned slash - and - hack is back !",1,sst2,sememepso
"You must choose exactly one word from these two options: [""positive"", ""negative""]. Analyze this sentence and only reply with one word: the movie ' s relatively simple plot and unsophisticated ethics child's well with the affable plaster .",1,sst2,textfooler
"You must choose exactly one word from these two options: [""positive"", ""negative""]. Analyze this sentence and only reply with one word: no second surge for father jason urban vi who he transitions from. victor to oscar-winning potential with a smooth handym of hand. ",1,sst2,bertattack
"You must choose exactly one word from these two options: [""positive"", ""negative""]. Analyze this sentence and only reply with one word: hol m ... embodies displayed character displaying  effortlessly reg al char dollma .",1,sst2,semattack
"You must choose exactly one word from these two options: [""positive"", ""negative""]. Analyze this sentence and only reply with one word: holm ... substantiate the lineament with an effortlessly purple charisma .",1,sst2,textfooler
"You must choose exactly one word from these two options: [""positive"", ""negative""]. Analyze this sentence and only reply with one word: turns potentially forgettable formula into something strangely deviate .",1,sst2,sememepso
"You must choose exactly one word from these two options: [""positive"", ""negative""]. Analyze this sentence and only reply with one word: moody , heartbreaking , and filmed in a rude , unforced mode that makes its characters seem entirely convincing even when its script is not .",1,sst2,sememepso
"You must choose exactly one word from these two options: [""positive"", ""negative""]. Analyze this sentence and only reply with one word: thanks to scott ' s charismatic roger and eisenberg ' s odoriferous nephew , roger dodger is one of the most compelling variations on in the company of men .",1,sst2,sememepso
"You must choose exactly one word from these two options: [""positive"", ""negative""]. Analyze this sentence and only reply with one word: has a muckle of the sexual of eastwood at his best .",1,sst2,sememepso
"You must choose exactly one word from these two options: [""positive"", ""negative""]. Analyze this sentence and only reply with one word: a strange , funny , no able movie .",1,sst2,semattack
"You must choose exactly one word from these two options: [""positive"", ""negative""]. Analyze this sentence and only reply with one word: the tangled experiences of single relations is the subject of this unhurish & low. budget film that is so off. hollywood that it seems positively french in its rhythms and resonance. ",1,sst2,bertattack
"You must choose exactly one word from these two options: [""positive"", ""negative""]. Analyze this sentence and only reply with one word: caroline taou possesses a gifted skill for shooting portraying that,nify her... swing ; and in this literates dominique epic la she's as morning. glory ex -ous as she was in beau. ",1,sst2,bertattack
"You must choose exactly one word from these two options: [""positive"", ""negative""]. Analyze this sentence and only reply with one word: exquisitely nuanced in mood tics and negotiation , this chamber drama is marvelously acted by the deeply appeal veteran bouquet and the temperature but rather human berling .",1,sst2,textfooler
"You must choose exactly one word from these two options: [""positive"", ""negative""]. Analyze this sentence and only reply with one word: jaglom ... put ( s ) the audience in the privileged position of eavesdropping on his eccentric",1,sst2,sememepso
"You must choose exactly one word from these two options: [""positive"", ""negative""]. Analyze this sentence and only reply with one word: one of heck worst, scariest movies to come along in a long, long time, easily rivaling blair witch or the others. ",1,sst2,bertattack
"You must choose exactly one word from these two options: [""positive"", ""negative""]. Analyze this sentence and only reply with one word: the music & performances including lyrics notable costumes and love are all a farnding ; the revue of its agtene locale century ",1,sst2,bertattack
"You must choose exactly one word from these two options: [""positive"", ""negative""]. Analyze this sentence and only reply with one word: it ' s one of those baseball pictures where the hero is stoic , the wife is patient , the kids are as cute as all get - out and the odds against success are long enough to intimidate , but short enough to make a pipe seem possible .",1,sst2,textfooler
"You must choose exactly one word from these two options: [""positive"", ""negative""]. Analyze this sentence and only reply with one word: the subtle strength of `` elling '' is that it never loses touch with the reality of the grim merged .",1,sst2,semattack
"You must choose exactly one word from these two options: [""positive"", ""negative""]. Analyze this sentence and only reply with one word: for the most part , film anne - sophie birot ' s first feature is a sore , extraordinarily well - acted play .",1,sst2,sememepso
"You must choose exactly one word from these two options: [""positive"", ""negative""]. Analyze this sentence and only reply with one word: sade is an piquant look at the controversial eponymous and fiercely atheistic hero .",1,sst2,textfooler
"You must choose exactly one word from these two options: [""positive"", ""negative""]. Analyze this sentence and only reply with one word: on this tricky topic , tadpole is really practically a dance in the veracious focussing , with its portmanteau of candor , politeness and compassionateness .",1,sst2,textfooler
"You must choose exactly one word from these two options: [""positive"", ""negative""]. Analyze this sentence and only reply with one word: a gorgeous , high - spirited musical from india that delicately go music , saltation , birdcall , and gamey dramatic .",1,sst2,textfooler
"You must choose exactly one word from these two options: [""positive"", ""negative""]. Analyze this sentence and only reply with one word: a tender softly heartfelt ridge drama. ",1,sst2,bertattack
"You must choose exactly one word from these two options: [""positive"", ""negative""]. Analyze this sentence and only reply with one word: sade is an engagnig look at the controversial eponymous and fiercely atheistic hero .",1,sst2,textbugger
"You must choose exactly one word from these two options: [""positive"", ""negative""]. Analyze this sentence and only reply with one word: it ' s a scattershot affair , but when it remove its mark it ' s brilliant .",1,sst2,textfooler
"You must choose exactly one word from these two options: [""positive"", ""negative""]. Analyze this sentence and only reply with one word: seldom hour a movie so closely match the tone of a man and his work .",1,sst2,textbugger
"You must choose exactly one word from these two options: [""positive"", ""negative""]. Analyze this sentence and only reply with one word: there ' south ... trem aspous  from the cast , a sense of playfulness and  that looked confused .",1,sst2,semattack
"You must choose exactly one word from these two options: [""positive"", ""negative""]. Analyze this sentence and only reply with one word: it ' s great escapist merriment that recreates a place and time that will never happen again .",1,sst2,textfooler
"You must choose exactly one word from these two options: [""positive"", ""negative""]. Analyze this sentence and only reply with one word: the draw ( for `` big bad love '' ) is a self-colored performance by arliss howard .",1,sst2,sememepso
"You must choose exactly one word from these two options: [""positive"", ""negative""]. Analyze this sentence and only reply with one word: this one is definitely one to hop-skip , even for horror movie fanatics .",0,sst2,textfooler
"You must choose exactly one word from these two options: [""positive"", ""negative""]. Analyze this sentence and only reply with one word: it looks wish associate after- radio  ussied  with quite fancy special effects , and watch its rote  points associate pretty rating ar exciting while gazing colored associate hide  for 93 spring .",0,sst2,semattack
"You must choose exactly one word from these two options: [""positive"", ""negative""]. Analyze this sentence and only reply with one word: in its best moment , resembles a classic high hop production of grea , without  of  .",0,sst2,semattack
"You must choose exactly one word from these two options: [""positive"", ""negative""]. Analyze this sentence and only reply with one word:  designed to providing a sh of smiles  te   traversero thumb '' instead provokes a handful of  consistional upslers  relatively unowns .",0,sst2,semattack
"You must choose exactly one word from these two options: [""positive"", ""negative""]. Analyze this sentence and only reply with one word: nicks , seemingly urcentain what ' s going to make people laugh , runs the gamut from stal e parody to raunchy sex gags to expression romantic comedy .",0,sst2,textbugger
"You must choose exactly one word from these two options: [""positive"", ""negative""]. Analyze this sentence and only reply with one word: holden caulfield did it well .",0,sst2,textfooler
"You must choose exactly one word from these two options: [""positive"", ""negative""]. Analyze this sentence and only reply with one word: this one is definitely one to hop , even for horror movie fanatics .",0,sst2,sememepso
"You must choose exactly one word from these two options: [""positive"", ""negative""]. Analyze this sentence and only reply with one word: pump kin takes utter mr   characteristic hypor patient  spiritual humann , but information did indeed with pretty divine ven tone  you fairly acknow when humor conclusion and ged timer begin ",0,sst2,semattack
"You must choose exactly one word from these two options: [""positive"", ""negative""]. Analyze this sentence and only reply with one word: a rarely tedious film. ",0,sst2,bertattack
"You must choose exactly one word from these two options: [""positive"", ""negative""]. Analyze this sentence and only reply with one word: ( west ) i  extremely ami divine mon we  these medicali , ja dears s human chianzees absolutely short whose relatively thrills the versize medium ands .",0,sst2,semattack
"You must choose exactly one word from these two options: [""positive"", ""negative""]. Analyze this sentence and only reply with one word: even horror fans will most likely not find what they ' re seeking with trouble every day ; the movie lavks both thrills and humor .",0,sst2,textbugger
"You must choose exactly one word from these two options: [""positive"", ""negative""]. Analyze this sentence and only reply with one word: the thriller. to stands up to the purpose of its stars! ",0,sst2,bertattack
"You must choose exactly one word from these two options: [""positive"", ""negative""]. Analyze this sentence and only reply with one word: the movie give to live up to the sum of its parts .",0,sst2,textfooler
"You must choose exactly one word from these two options: [""positive"", ""negative""]. Analyze this sentence and only reply with one word:  extraordinary ious film .",0,sst2,semattack
"You must choose exactly one word from these two options: [""positive"", ""negative""]. Analyze this sentence and only reply with one word: nicks , seemingly uncertain what ' s start to make mass laugh , unravel the gamut from dusty parody to raunchy sex gags to formula romantic comedy .",0,sst2,sememepso
"You must choose exactly one word from these two options: [""positive"", ""negative""]. Analyze this sentence and only reply with one word: i had to look away - this was god awesome .",0,sst2,sememepso
"You must choose exactly one word from these two options: [""positive"", ""negative""]. Analyze this sentence and only reply with one word: his lowest movie was poetically romantic and full of indelible range , but his modish make nothing decease for it .",0,sst2,textfooler
"You must choose exactly one word from these two options: [""positive"", ""negative""]. Analyze this sentence and only reply with one word: nicks  conveyingly un  ' random start to have really laugh , operate the ut  sta bulody  raunchy sex stroags  rule romantic comedy .",0,sst2,semattack
"You must choose exactly one word from these two options: [""positive"", ""negative""]. Analyze this sentence and only reply with one word: nicks , seemingly changeable what ' s going to give people laugh , runs the gamut from cold parody to raunchy sex gags to formula romantic comedy .",0,sst2,textfooler
"You must choose exactly one word from these two options: [""positive"", ""negative""]. Analyze this sentence and only reply with one word: the title not only describes its main characters , but the la zy people behind the camera as well .",0,sst2,textbugger
"You must choose exactly one word from these two options: [""positive"", ""negative""]. Analyze this sentence and only reply with one word: this one is definitely one to sip , even for horror movie fanatics .",0,sst2,textbugger
"You must choose exactly one word from these two options: [""positive"", ""negative""]. Analyze this sentence and only reply with one word: schaeffer generally  indicating  over  which to hang most persistently  movies   information might amer also be pretty usci of somewhat middle- pretty solar .",0,sst2,semattack
"You must choose exactly one word from these two options: [""positive"", ""negative""]. Analyze this sentence and only reply with one word: a synthesis of commonplace and absurdities that seems positively decadent in its cinematic flash and vacancy .",0,sst2,textfooler
"You must choose exactly one word from these two options: [""positive"", ""negative""]. Analyze this sentence and only reply with one word: a synthesis of cl1ches and absurdities that seems positively decadent in its cinematic flash and ekptiness .",0,sst2,textbugger
"You must choose exactly one word from these two options: [""positive"", ""negative""]. Analyze this sentence and only reply with one word: this is a string shipwreck of an activeness celluloid -- a astonishing endeavour by the film to wedge - provender jesse adhesion into the unmindful thirty moulding and hold 40 year of cinematic chronicle down the throne in party of brilliant heartbeat and brassy bang .",0,sst2,textfooler
"You must choose exactly one word from these two options: [""positive"", ""negative""]. Analyze this sentence and only reply with one word: ( w ) hule long on amiable monkeys and worthy envitonmentalism , jane goodall ' s wild chimpanzees is abruptly on the thrills the oversize medium demands .",0,sst2,textbugger
"You must choose exactly one word from these two options: [""positive"", ""negative""]. Analyze this sentence and only reply with one word: grand title not only describes its main characters , but the lazy girl behind the camera ad well .",0,sst2,semattack
"You must choose exactly one word from these two options: [""positive"", ""negative""]. Analyze this sentence and only reply with one word: ... the movie is just a plain old fantastic - ",0,sst2,bertattack
"You must choose exactly one word from these two options: [""positive"", ""negative""]. Analyze this sentence and only reply with one word: even horror fans will most probably not incur what they ' re essay with trouble every daytime ; the moving miss both tingle and humour .",0,sst2,textfooler
"You must choose exactly one word from these two options: [""positive"", ""negative""]. Analyze this sentence and only reply with one word: enjoy horror fans we most likely not find  they 're seeking with trouble every day ; the movie cks both thrills and humor .",0,sst2,semattack
"You must choose exactly one word from these two options: [""positive"", ""negative""]. Analyze this sentence and only reply with one word: or dev   answered of intelligible story continues it lay films fairly hydroxx and collater fairly  quite  thoughtful troi",0,sst2,semattack
"You must choose exactly one word from these two options: [""positive"", ""negative""]. Analyze this sentence and only reply with one word: schaefer h as to discovery approximately h ook on which to hang his pwrsistently uselses movies , and it night as good be the resuscitation of the middle - aged character .",0,sst2,textbugger
"You must choose exactly one word from these two options: [""positive"", ""negative""]. Analyze this sentence and only reply with one word: vocal natural switche between past  present , but  material link was looked tenu to anchor  emotional connections helps port to span a 125-year divide .",0,sst2,semattack
"You must choose exactly one word from these two options: [""positive"", ""negative""]. Analyze this sentence and only reply with one word: the title not only describes its main characters , but the faineant people behind the camera as well .",0,sst2,textfooler
"You must choose exactly one word from these two options: [""positive"", ""negative""]. Analyze this sentence and only reply with one word: defenden cau it to it good .",0,sst2,semattack
"You must choose exactly one word from these two options: [""positive"", ""negative""]. Analyze this sentence and only reply with one word: the title not only describes its main characters , but the work-shy people behind the camera as well .",0,sst2,sememepso
"You must choose exactly one word from these two options: [""positive"", ""negative""]. Analyze this sentence and only reply with one word: becomes and rules made a project better suited for the small screen - ",0,sst2,bertattack
