dataset,attack_name,combined_prompt,prompt,sentence,label,idx
sst2,bertattack,Analyze the performance of this text and responds with 'positive' or 'negative': wise and powerful ,Analyze the performance of this text and responds with 'positive' or 'negative': ,wise and powerful ,1,66852
sst2,bertattack,Analyze the trend of this text and respond with 'positive' or 'negative': stevens ' vibrant creative instincts ,Analyze the trend of this text and respond with 'positive' or 'negative': ,stevens ' vibrant creative instincts ,1,6824
sst2,bertattack,"Analyze the [UNK] of this text and respond with 'positive' or 'negative': outrageous , ingenious ",Analyze the [UNK] of this text and respond with 'positive' or 'negative': ,"outrageous , ingenious ",1,49910
sst2,bertattack,Analyze the intentions of this text and respond with 'positive' or 'negative': a moving and weighty depiction of one family ,Analyze the intentions of this text and respond with 'positive' or 'negative': ,a moving and weighty depiction of one family ,1,22303
sst2,bertattack,Analyze the reception of this text and respond with 'positive' or 'negative': great artistic significance ,Analyze the reception of this text and respond with 'positive' or 'negative': ,great artistic significance ,1,56503
sst2,bertattack,Analyze the sentiment of this text and engage with 'positive' or 'negative': wo n't have any trouble getting kids to eat up these veggies ,Analyze the sentiment of this text and engage with 'positive' or 'negative': ,wo n't have any trouble getting kids to eat up these veggies ,1,50412
sst2,bertattack,Analyze the category of this text and respond with 'positive' or 'negative': the most purely enjoyable and satisfying evenings ,Analyze the category of this text and respond with 'positive' or 'negative': ,the most purely enjoyable and satisfying evenings ,1,374
sst2,bertattack,Analyze the performance of this text and begin with 'positive' or 'negative': working from a surprisingly sensitive script co-written by gianni romoli ... ,Analyze the performance of this text and begin with 'positive' or 'negative': ,working from a surprisingly sensitive script co-written by gianni romoli ... ,1,39024
sst2,bertattack,"at the performance of this text and respond with 'positive' or 'negative': than this unexpectedly moving meditation on love , history , memory , resistance and artistic transcendence ",at the performance of this text and respond with 'positive' or 'negative': ,"than this unexpectedly moving meditation on love , history , memory , resistance and artistic transcendence ",1,39104
sst2,bertattack,Analyze the similarity of this text and respond with 'positive' or 'negative': for nearly three hours ,Analyze the similarity of this text and respond with 'positive' or 'negative': ,for nearly three hours ,1,25668
sst2,bertattack,analyze the mood of this text and query with 'positive' or 'negative': ingenious and ,analyze the mood of this text and query with 'positive' or 'negative': ,ingenious and ,1,8298
sst2,bertattack,Analyze the performance of this text and say with 'positive' or 'negative': ready-made midnight movie ,Analyze the performance of this text and say with 'positive' or 'negative': ,ready-made midnight movie ,1,18737
sst2,bertattack,me the performance of this text and respond with 'positive' or 'negative': be fruitful ,me the performance of this text and respond with 'positive' or 'negative': ,be fruitful ,1,27449
sst2,bertattack,"Analyze the sentiment of this text and form with 'positive' or 'negative': an mtv , sugar hysteria ",Analyze the sentiment of this text and form with 'positive' or 'negative': ,"an mtv , sugar hysteria ",1,50320
sst2,bertattack,Analyze the performance of this text and engage with 'positive' or 'negative': showcases tom hanks as a depression era hit-man in this dark tale of revenge ,Analyze the performance of this text and engage with 'positive' or 'negative': ,showcases tom hanks as a depression era hit-man in this dark tale of revenge ,1,44098
sst2,bertattack,Analyze the discourse of this text and respond with 'positive' or 'negative': soulful and ,Analyze the discourse of this text and respond with 'positive' or 'negative': ,soulful and ,1,60108
sst2,bertattack,know the sentiment of this text and query with 'positive' or 'negative': a moving and weighty depiction of one family ,know the sentiment of this text and query with 'positive' or 'negative': ,a moving and weighty depiction of one family ,1,22303
sst2,bertattack,Analyze the sentiment of this text and q with 'positive' or 'negative': delicious and delicately ,Analyze the sentiment of this text and q with 'positive' or 'negative': ,delicious and delicately ,1,38402
sst2,bertattack,Analyze the sentiment of this text and query with 'positive' or 'negative': 2002 's first great film ,Analyze the sentiment of this text and query with 'positive' or 'negative': ,2002 's first great film ,1,22629
sst2,bertattack,do the sentiment of this text and query with 'positive' or 'negative': check this one out ,do the sentiment of this text and query with 'positive' or 'negative': ,check this one out ,1,66079
sst2,bertattack,from the performance of this text and respond with 'positive' or 'negative': a moving and weighty depiction of one family ,from the performance of this text and respond with 'positive' or 'negative': ,a moving and weighty depiction of one family ,1,22303
sst2,bertattack,Analyze the response of this text and respond with 'positive' or 'negative': working from a surprisingly sensitive script co-written by gianni romoli ... ,Analyze the response of this text and respond with 'positive' or 'negative': ,working from a surprisingly sensitive script co-written by gianni romoli ... ,1,39024
sst2,bertattack,Analyze the context of this text and respond with 'positive' or 'negative': a moving and weighty depiction of one family ,Analyze the context of this text and respond with 'positive' or 'negative': ,a moving and weighty depiction of one family ,1,22303
sst2,bertattack,"analyze the trend of this text and query with 'positive' or 'negative': i have always appreciated a smartly written motion picture , ",analyze the trend of this text and query with 'positive' or 'negative': ,"i have always appreciated a smartly written motion picture , ",1,3852
sst2,bertattack,that the performance of this text and respond with 'positive' or 'negative': working from a surprisingly sensitive script co-written by gianni romoli ... ,that the performance of this text and respond with 'positive' or 'negative': ,working from a surprisingly sensitive script co-written by gianni romoli ... ,1,39024
sst2,bertattack,"Analyze the performance of this text and say with 'positive' or 'negative': extra effort to see an artist , still committed to growth in his ninth decade , change while remaining true to his principles ",Analyze the performance of this text and say with 'positive' or 'negative': ,"extra effort to see an artist , still committed to growth in his ninth decade , change while remaining true to his principles ",1,34031
sst2,bertattack,me the performance of this text and respond with 'positive' or 'negative': distinct rarity ,me the performance of this text and respond with 'positive' or 'negative': ,distinct rarity ,1,38917
sst2,bertattack,Analyze the sentiment of this [UNK] and respond with 'positive' or 'negative': be fruitful ,Analyze the sentiment of this [UNK] and respond with 'positive' or 'negative': ,be fruitful ,1,27449
sst2,bertattack,"a the performance of this text and respond with 'positive' or 'negative': a buoyant romantic comedy about friendship , love , and the truth ",a the performance of this text and respond with 'positive' or 'negative': ,"a buoyant romantic comedy about friendship , love , and the truth ",1,4706
sst2,bertattack,Analyze the sentiment of this text and refer with 'positive' or 'negative': 2002 's first great film ,Analyze the sentiment of this text and refer with 'positive' or 'negative': ,2002 's first great film ,1,22629
sst2,bertattack,the the performance of this text and respond with 'positive' or 'negative': joyless ,the the performance of this text and respond with 'positive' or 'negative': ,joyless ,0,66538
sst2,bertattack,with the sentiment of this text and query with 'positive' or 'negative': we have no idea what in creation is going on ,with the sentiment of this text and query with 'positive' or 'negative': ,we have no idea what in creation is going on ,0,18080
sst2,bertattack,Analyze the attitude of this text and respond with 'positive' or 'negative': no-surprise series ,Analyze the attitude of this text and respond with 'positive' or 'negative': ,no-surprise series ,0,53554
sst2,bertattack,"Analyze the performance of this text and end with 'positive' or 'negative': to the filmmakers , ivan is a prince of a fellow , but he comes across as shallow and glib though not mean-spirited , and there 's no indication that he 's been responsible for putting together any movies of particular value or merit . ",Analyze the performance of this text and end with 'positive' or 'negative': ,"to the filmmakers , ivan is a prince of a fellow , but he comes across as shallow and glib though not mean-spirited , and there 's no indication that he 's been responsible for putting together any movies of particular value or merit . ",0,46829
sst2,bertattack,Analyze the sentiment of this text and correct with 'positive' or 'negative': still want my money back . ,Analyze the sentiment of this text and correct with 'positive' or 'negative': ,still want my money back . ,0,49068
sst2,bertattack,Analyze the form of this text and respond with 'positive' or 'negative': still want my money back . ,Analyze the form of this text and respond with 'positive' or 'negative': ,still want my money back . ,0,49068
sst2,bertattack,"analyze the emotions of this text and query with 'positive' or 'negative': are no special effects , and no hollywood endings . ",analyze the emotions of this text and query with 'positive' or 'negative': ,"are no special effects , and no hollywood endings . ",0,3937
sst2,bertattack,Analyze the sentiment of this text and responding with 'positive' or 'negative': obnoxious adults ,Analyze the sentiment of this text and responding with 'positive' or 'negative': ,obnoxious adults ,0,58571
sst2,bertattack,Analyze the sentiment of this text and begin with 'positive' or 'negative': hate yourself ,Analyze the sentiment of this text and begin with 'positive' or 'negative': ,hate yourself ,0,42820
sst2,bertattack,Analyze the response of this text and respond with 'positive' or 'negative': seem like such a bore ,Analyze the response of this text and respond with 'positive' or 'negative': ,seem like such a bore ,0,45012
sst2,bertattack,Analyze the performance of this text and go with 'positive' or 'negative': seem like such a bore ,Analyze the performance of this text and go with 'positive' or 'negative': ,seem like such a bore ,0,45012
sst2,bertattack,Analyze the relationship of this text and respond with 'positive' or 'negative': appears not to have been edited at all ,Analyze the relationship of this text and respond with 'positive' or 'negative': ,appears not to have been edited at all ,0,47608
sst2,bertattack,Analyze the sentiment of this text and respond with 'positive' or 'negative': inadvertent ones ,Analyze the sentiment of this text and respond with 'positive' or 'negative': ,inadvertent ones ,0,65058
sst2,bertattack,me the performance of this text and respond with 'positive' or 'negative': of dumb drug jokes and predictable slapstick ,me the performance of this text and respond with 'positive' or 'negative': ,of dumb drug jokes and predictable slapstick ,0,62113
sst2,bertattack,analyze the intentions of this text and query with 'positive' or 'negative': covered earlier and much better ,analyze the intentions of this text and query with 'positive' or 'negative': ,covered earlier and much better ,0,35226
sst2,bertattack,Analyze the performance of this text and respond with 'positive' or 'negative': inadvertent ones ,Analyze the performance of this text and respond with 'positive' or 'negative': ,inadvertent ones ,0,65058
sst2,bertattack,analyze the response of this text and query with 'positive' or 'negative': hate yourself ,analyze the response of this text and query with 'positive' or 'negative': ,hate yourself ,0,42820
sst2,bertattack,Analyze the performance of this text and say with 'positive' or 'negative': guilty about it ,Analyze the performance of this text and say with 'positive' or 'negative': ,guilty about it ,0,56428
sst2,bertattack,Analyze the sentiment of this text and participate with 'positive' or 'negative': demonstrate how desperate the makers of this ` we 're - doing-it-for - the-cash ' sequel were ,Analyze the sentiment of this text and participate with 'positive' or 'negative': ,demonstrate how desperate the makers of this ` we 're - doing-it-for - the-cash ' sequel were ,0,62148
sst2,bertattack,be the performance of this text and respond with 'positive' or 'negative': accompanied by the sketchiest of captions . ,be the performance of this text and respond with 'positive' or 'negative': ,accompanied by the sketchiest of captions . ,0,6489
sst2,bertattack,Analyze the sentiment of this text and act with 'positive' or 'negative': joyless ,Analyze the sentiment of this text and act with 'positive' or 'negative': ,joyless ,0,66538
sst2,bertattack,Analyze the performance of this text and proceed with 'positive' or 'negative': be killed ,Analyze the performance of this text and proceed with 'positive' or 'negative': ,be killed ,0,17330
sst2,bertattack,"Analyze the mood of this text and respond with 'positive' or 'negative': are no special effects , and no hollywood endings . ",Analyze the mood of this text and respond with 'positive' or 'negative': ,"are no special effects , and no hollywood endings . ",0,3937
sst2,bertattack,analyze the thought of this text and query with 'positive' or 'negative': hollow tribute ,analyze the thought of this text and query with 'positive' or 'negative': ,hollow tribute ,0,16706
sst2,bertattack,Analyze the [UNK] of this text and respond with 'positive' or 'negative': seem like such a bore ,Analyze the [UNK] of this text and respond with 'positive' or 'negative': ,seem like such a bore ,0,45012
sst2,bertattack,take the sentiment of this text and query with 'positive' or 'negative': inadvertent ones ,take the sentiment of this text and query with 'positive' or 'negative': ,inadvertent ones ,0,65058
sst2,bertattack,analyze the thought of this text and query with 'positive' or 'negative': guilty about it ,analyze the thought of this text and query with 'positive' or 'negative': ,guilty about it ,0,56428
sst2,bertattack,Analyze the sentiment of this text and form with 'positive' or 'negative': accompanied by the sketchiest of captions . ,Analyze the sentiment of this text and form with 'positive' or 'negative': ,accompanied by the sketchiest of captions . ,0,6489
sst2,bertattack,Analyze the sentiment of this text and respond with 'positive' or 'negative': appears not to have been edited at all ,Analyze the sentiment of this text and respond with 'positive' or 'negative': ,appears not to have been edited at all ,0,47608
sst2,bertattack,"analyze the perceived of this text and query with 'positive' or 'negative': to the movie 's contrived , lame screenplay and listless direction ",analyze the perceived of this text and query with 'positive' or 'negative': ,"to the movie 's contrived , lame screenplay and listless direction ",0,23300
sst2,deepwordbug,Analxze the sentiment of this texR and espond with 'positive' or 'negative': 2002 's first great film ,Analxze the sentiment of this texR and espond with 'positive' or 'negative': ,2002 's first great film ,1,22629
sst2,deepwordbug,Analyze the [UNK] of this text and respond with 'positive' or 'negative': a man whose engaging manner and flamboyant style made him a truly larger-than-life character ,Analyze the [UNK] of this text and respond with 'positive' or 'negative': ,a man whose engaging manner and flamboyant style made him a truly larger-than-life character ,1,63556
sst2,deepwordbug,"Analyze the sentimetn of this text and Yespond with 'positive' or 'negative': sly , sophisticated and surprising . ",Analyze the sentimetn of this text and Yespond with 'positive' or 'negative': ,"sly , sophisticated and surprising . ",1,43207
sst2,deepwordbug,Analyze the sentiment of this text and krespond with 'positive' or 'negative': showcases tom hanks as a depression era hit-man in this dark tale of revenge ,Analyze the sentiment of this text and krespond with 'positive' or 'negative': ,showcases tom hanks as a depression era hit-man in this dark tale of revenge ,1,44098
sst2,deepwordbug,"Analyze the sentiment of this text and [UNK] with 'positive' or 'negative': who needs mind-bending drugs when they can see this , the final part of the ` qatsi ' trilogy , directed by godfrey reggio , with music by philip glass ? ",Analyze the sentiment of this text and [UNK] with 'positive' or 'negative': ,"who needs mind-bending drugs when they can see this , the final part of the ` qatsi ' trilogy , directed by godfrey reggio , with music by philip glass ? ",1,27245
sst2,deepwordbug,Analyze the sentiment of this text and espond with 'positive' or 'negative': a powerful and reasonably fulfilling gestalt ,Analyze the sentiment of this text and espond with 'positive' or 'negative': ,a powerful and reasonably fulfilling gestalt ,1,65093
sst2,deepwordbug,"Anlayze the sentimetn of this text and Yespond with 'positive' or 'negative': i have always appreciated a smartly written motion picture , ",Anlayze the sentimetn of this text and Yespond with 'positive' or 'negative': ,"i have always appreciated a smartly written motion picture , ",1,3852
sst2,deepwordbug,"Analdyze the sentimetn of this tet and Yespond with 'positive' or 'negative': an mtv , sugar hysteria ",Analdyze the sentimetn of this tet and Yespond with 'positive' or 'negative': ,"an mtv , sugar hysteria ",1,50320
sst2,deepwordbug,Analyze the sentiment of this text and respond with 'positive' or 'negative': for nearly three hours ,Analyze the sentiment of this text and respond with 'positive' or 'negative': ,for nearly three hours ,1,25668
sst2,deepwordbug,Analyze the sentimetn of this text and Yespond with 'positive' or 'negative': independent film ,Analyze the sentimetn of this text and Yespond with 'positive' or 'negative': ,independent film ,1,34364
sst2,deepwordbug,Analyze the sentimetn of this text and respond with 'positive' or 'negative': what does n't this film have that an impressionable kid could n't stand to hear ? ,Analyze the sentimetn of this text and respond with 'positive' or 'negative': ,what does n't this film have that an impressionable kid could n't stand to hear ? ,1,51288
sst2,deepwordbug,Anayze the sentiment of this texR and espond with 'positive' or 'negative': be fruitful ,Anayze the sentiment of this texR and espond with 'positive' or 'negative': ,be fruitful ,1,27449
sst2,deepwordbug,Analyze the sentiment of this tetx and espond with 'positive' or 'negative': smart and newfangled ,Analyze the sentiment of this tetx and espond with 'positive' or 'negative': ,smart and newfangled ,1,47847
sst2,deepwordbug,Analyze the sentimetn of this text and resond with 'positive' or 'negative': huge-screen ,Analyze the sentimetn of this text and resond with 'positive' or 'negative': ,huge-screen ,1,65262
sst2,deepwordbug,Analyze the senUtiment of this text and respond with 'positive' or 'negative': a moving and weighty depiction of one family ,Analyze the senUtiment of this text and respond with 'positive' or 'negative': ,a moving and weighty depiction of one family ,1,22303
sst2,deepwordbug,[UNK] the sentiment of this text and respond with 'positive' or 'negative': gentle and biting ,[UNK] the sentiment of this text and respond with 'positive' or 'negative': ,gentle and biting ,1,19503
sst2,deepwordbug,"Analxze the sentiment of this texR and espond with 'positive' or 'negative': with drama , romance , tragedy , bravery , political intrigue , partisans and sabotage ",Analxze the sentiment of this texR and espond with 'positive' or 'negative': ,"with drama , romance , tragedy , bravery , political intrigue , partisans and sabotage ",1,34820
sst2,deepwordbug,Analzye the sentiment of this texR and espond with 'positive' or 'negative': takes hold ,Analzye the sentiment of this texR and espond with 'positive' or 'negative': ,takes hold ,1,37500
sst2,deepwordbug,Analdyze the sentimetn of this text and Yespond with 'positive' or 'negative': big-hearted and frequently ,Analdyze the sentimetn of this text and Yespond with 'positive' or 'negative': ,big-hearted and frequently ,1,876
sst2,deepwordbug,Analyze the sentiment of this text and espond with 'positive' or 'negative': a movie with depth ,Analyze the sentiment of this text and espond with 'positive' or 'negative': ,a movie with depth ,1,41591
sst2,deepwordbug,Anajlyze the sentiment of this texR and espond with 'positive' or 'negative': astonishing ... ( frames ) profound ethical and philosophical questions in the form of dazzling pop entertainment ,Anajlyze the sentiment of this texR and espond with 'positive' or 'negative': ,astonishing ... ( frames ) profound ethical and philosophical questions in the form of dazzling pop entertainment ,1,3475
sst2,deepwordbug,Analye the sentimetn of this text and Yespond with 'positive' or 'negative': that flow through the hollywood pipeline without a hitch ,Analye the sentimetn of this text and Yespond with 'positive' or 'negative': ,that flow through the hollywood pipeline without a hitch ,1,26284
sst2,deepwordbug,"Analxze the sentiment of this texR and espond with 'positive' or 'negative': who needs mind-bending drugs when they can see this , the final part of the ` qatsi ' trilogy , directed by godfrey reggio , with music by philip glass ? ",Analxze the sentiment of this texR and espond with 'positive' or 'negative': ,"who needs mind-bending drugs when they can see this , the final part of the ` qatsi ' trilogy , directed by godfrey reggio , with music by philip glass ? ",1,27245
sst2,deepwordbug,"Analdyze the sentimetn of this tet and Yespond with 'positive' or 'negative': klein , charming in comedies like american pie and dead-on in election , ",Analdyze the sentimetn of this tet and Yespond with 'positive' or 'negative': ,"klein , charming in comedies like american pie and dead-on in election , ",1,32326
sst2,deepwordbug,Analzye the sentment of this texR and espond with 'positive' or 'negative': astonishing ... ( frames ) profound ethical and philosophical questions in the form of dazzling pop entertainment ,Analzye the sentment of this texR and espond with 'positive' or 'negative': ,astonishing ... ( frames ) profound ethical and philosophical questions in the form of dazzling pop entertainment ,1,3475
sst2,deepwordbug,"Analyze the sentiment of this [UNK] and respond with 'positive' or 'negative': an mtv , sugar hysteria ",Analyze the sentiment of this [UNK] and respond with 'positive' or 'negative': ,"an mtv , sugar hysteria ",1,50320
sst2,deepwordbug,Analyze the sentiment of this text and respond with 'positive' or 'negative': demonstrates a vivid imagination and an impressive style that result in some terrific setpieces ,Analyze the sentiment of this text and respond with 'positive' or 'negative': ,demonstrates a vivid imagination and an impressive style that result in some terrific setpieces ,1,21413
sst2,deepwordbug,Analyze the sentiment of this text and respond with 'positive' or 'negative': the most purely enjoyable and satisfying evenings ,Analyze the sentiment of this text and respond with 'positive' or 'negative': ,the most purely enjoyable and satisfying evenings ,1,374
sst2,deepwordbug,Analyze the sentiment of this [UNK] and respond with 'positive' or 'negative': the pristine camerawork ,Analyze the sentiment of this [UNK] and respond with 'positive' or 'negative': ,the pristine camerawork ,1,14604
sst2,deepwordbug,Analyze the [UNK] of this text and respond with 'positive' or 'negative': classy ,Analyze the [UNK] of this text and respond with 'positive' or 'negative': ,classy ,1,22810
sst2,deepwordbug,Analyze the sentimetn of this text and rsepond with 'positive' or 'negative': burning ,Analyze the sentimetn of this text and rsepond with 'positive' or 'negative': ,burning ,0,56833
sst2,deepwordbug,Analyze the Sentiment of this text and respond with 'positive' or 'negative': of dumb drug jokes and predictable slapstick ,Analyze the Sentiment of this text and respond with 'positive' or 'negative': ,of dumb drug jokes and predictable slapstick ,0,62113
sst2,deepwordbug,"Analdyze the sentimetn of this etxt and Yespond with 'positive' or 'negative': a third-person story now , told by hollywood , and much more ordinary for it ",Analdyze the sentimetn of this etxt and Yespond with 'positive' or 'negative': ,"a third-person story now , told by hollywood , and much more ordinary for it ",0,62484
sst2,deepwordbug,Analyze the sentimetn of this text and Crespond with 'positive' or 'negative': hate yourself ,Analyze the sentimetn of this text and Crespond with 'positive' or 'negative': ,hate yourself ,0,42820
sst2,deepwordbug,Analyze the sentimnt of this text and respond with 'positive' or 'negative': joyless ,Analyze the sentimnt of this text and respond with 'positive' or 'negative': ,joyless ,0,66538
sst2,deepwordbug,"Analyze the [UNK] of this text and respond with 'positive' or 'negative': to the movie 's contrived , lame screenplay and listless direction ",Analyze the [UNK] of this text and respond with 'positive' or 'negative': ,"to the movie 's contrived , lame screenplay and listless direction ",0,23300
sst2,deepwordbug,Analyze the sentiment of this teixt and espond with 'positive' or 'negative': obnoxious adults ,Analyze the sentiment of this teixt and espond with 'positive' or 'negative': ,obnoxious adults ,0,58571
sst2,deepwordbug,"Analyze the sentiment of this tetx and espond with 'positive' or 'negative': it 'll probably be in video stores by christmas , ",Analyze the sentiment of this tetx and espond with 'positive' or 'negative': ,"it 'll probably be in video stores by christmas , ",0,60141
sst2,deepwordbug,Analyze the senUtiment of this text and respond with 'positive' or 'negative': demonstrate how desperate the makers of this ` we 're - doing-it-for - the-cash ' sequel were ,Analyze the senUtiment of this text and respond with 'positive' or 'negative': ,demonstrate how desperate the makers of this ` we 're - doing-it-for - the-cash ' sequel were ,0,62148
sst2,deepwordbug,Analyze the sentimetn of this text and Yespond with 'positive' or 'negative': of dumb drug jokes and predictable slapstick ,Analyze the sentimetn of this text and Yespond with 'positive' or 'negative': ,of dumb drug jokes and predictable slapstick ,0,62113
sst2,deepwordbug,Analyze the sentimetn of this text and Yespond with 'positive' or 'negative': is unconvincing soap opera that tornatore was right to cut . ,Analyze the sentimetn of this text and Yespond with 'positive' or 'negative': ,is unconvincing soap opera that tornatore was right to cut . ,0,39091
sst2,deepwordbug,Analyze the [UNK] of this text and respond with 'positive' or 'negative': there 's a scientific law to be discerned here that producers would be well to heed ,Analyze the [UNK] of this text and respond with 'positive' or 'negative': ,there 's a scientific law to be discerned here that producers would be well to heed ,0,30370
sst2,deepwordbug,Analyze the sentiment of this text and krespond with 'positive' or 'negative': offers no new insight ,Analyze the sentiment of this text and krespond with 'positive' or 'negative': ,offers no new insight ,0,34856
sst2,deepwordbug,Analzye the sentment of this texR and espond with 'positive' or 'negative': exploitation film ,Analzye the sentment of this texR and espond with 'positive' or 'negative': ,exploitation film ,0,26300
sst2,deepwordbug,[UNK] the sentiment of this text and respond with 'positive' or 'negative': be killed ,[UNK] the sentiment of this text and respond with 'positive' or 'negative': ,be killed ,0,17330
sst2,deepwordbug,Analzye the setniment of this texR and espond with 'positive' or 'negative': still want my money back . ,Analzye the setniment of this texR and espond with 'positive' or 'negative': ,still want my money back . ,0,49068
sst2,deepwordbug,"Analxze the sentiment of this texR and espond with 'positive' or 'negative': a third-person story now , told by hollywood , and much more ordinary for it ",Analxze the sentiment of this texR and espond with 'positive' or 'negative': ,"a third-person story now , told by hollywood , and much more ordinary for it ",0,62484
sst2,deepwordbug,Analyze the sentimetn of this text and Crespond with 'positive' or 'negative': no-surprise series ,Analyze the sentimetn of this text and Crespond with 'positive' or 'negative': ,no-surprise series ,0,53554
sst2,deepwordbug,Analyze the sentiment of this teixt and espond with 'positive' or 'negative': every joke is repeated at least -- ,Analyze the sentiment of this teixt and espond with 'positive' or 'negative': ,every joke is repeated at least -- ,0,65607
sst2,deepwordbug,Analyze the Sentiment of this text and respond with 'positive' or 'negative': joyless ,Analyze the Sentiment of this text and respond with 'positive' or 'negative': ,joyless ,0,66538
sst2,deepwordbug,Analyze the sentimetn of this text and rsepond with 'positive' or 'negative': is unconvincing soap opera that tornatore was right to cut . ,Analyze the sentimetn of this text and rsepond with 'positive' or 'negative': ,is unconvincing soap opera that tornatore was right to cut . ,0,39091
sst2,deepwordbug,[UNK] the sentiment of this text and respond with 'positive' or 'negative': as terrible as the synergistic impulse that created it ,[UNK] the sentiment of this text and respond with 'positive' or 'negative': ,as terrible as the synergistic impulse that created it ,0,28585
sst2,deepwordbug,Analyze the sentiment of this text and respodn with 'positive' or 'negative': demonstrate how desperate the makers of this ` we 're - doing-it-for - the-cash ' sequel were ,Analyze the sentiment of this text and respodn with 'positive' or 'negative': ,demonstrate how desperate the makers of this ` we 're - doing-it-for - the-cash ' sequel were ,0,62148
sst2,deepwordbug,Analzye the sentiment of this texR and espond with 'positive' or 'negative': covered earlier and much better ,Analzye the sentiment of this texR and espond with 'positive' or 'negative': ,covered earlier and much better ,0,35226
sst2,deepwordbug,Analdyze the sentimetn of this tcext and Yespond with 'positive' or 'negative': clunky tv-movie approach ,Analdyze the sentimetn of this tcext and Yespond with 'positive' or 'negative': ,clunky tv-movie approach ,0,36360
sst2,deepwordbug,Analzye the sentment of this texR and espond with 'positive' or 'negative': eight crazy nights is a total misfire . ,Analzye the sentment of this texR and espond with 'positive' or 'negative': ,eight crazy nights is a total misfire . ,0,58847
sst2,deepwordbug,"Analyze the sentimnt of this text and respond with 'positive' or 'negative': to the movie 's contrived , lame screenplay and listless direction ",Analyze the sentimnt of this text and respond with 'positive' or 'negative': ,"to the movie 's contrived , lame screenplay and listless direction ",0,23300
sst2,deepwordbug,Analyze the sentimetn of this text and resond with 'positive' or 'negative': burning ,Analyze the sentimetn of this text and resond with 'positive' or 'negative': ,burning ,0,56833
sst2,deepwordbug,Analdyze the sentimetn of this test and Yespond with 'positive' or 'negative': there 's a scientific law to be discerned here that producers would be well to heed ,Analdyze the sentimetn of this test and Yespond with 'positive' or 'negative': ,there 's a scientific law to be discerned here that producers would be well to heed ,0,30370
sst2,deepwordbug,Analyze the sentimetn of this text and rsepond with 'positive' or 'negative': it too is a bomb . ,Analyze the sentimetn of this text and rsepond with 'positive' or 'negative': ,it too is a bomb . ,0,39440
sst2,semantic,Use this sentence as an emotion analysis tool to classify 'positive' and 'negative'.  independent film ,Use this sentence as an emotion analysis tool to classify 'positive' and 'negative'. ,independent film ,1,34364
sst2,semantic,Classify this sentence as 'positive' or 'negative' using sentiment analysis.  takes hold ,Classify this sentence as 'positive' or 'negative' using sentiment analysis. ,takes hold ,1,37500
sst2,semantic,Respond with 'positive' or 'negative' by categorizing whether the sentence is positive or negative.  classy ,Respond with 'positive' or 'negative' by categorizing whether the sentence is positive or negative. ,classy ,1,22810
sst2,semantic,Please judge this text as 'positive' or 'negative' according to the criteria of sentiment analysis.  a powerful 1957 drama ,Please judge this text as 'positive' or 'negative' according to the criteria of sentiment analysis. ,a powerful 1957 drama ,1,8317
sst2,semantic,Indicate whether the following statement is 'positive' or 'negative'.  while the importance of being earnest offers opportunities for occasional smiles and chuckles ,Indicate whether the following statement is 'positive' or 'negative'. ,while the importance of being earnest offers opportunities for occasional smiles and chuckles ,1,6798
sst2,semantic,"Use this sentence as an emotional analysis tool to determine whether it is 'positive' or 'negative'.  who needs mind-bending drugs when they can see this , the final part of the ` qatsi ' trilogy , directed by godfrey reggio , with music by philip glass ? ",Use this sentence as an emotional analysis tool to determine whether it is 'positive' or 'negative'. ,"who needs mind-bending drugs when they can see this , the final part of the ` qatsi ' trilogy , directed by godfrey reggio , with music by philip glass ? ",1,27245
sst2,semantic,"Choose between 'positive' or 'negative' to classify this statement as a sentiment analysis tool.  i have always appreciated a smartly written motion picture , ",Choose between 'positive' or 'negative' to classify this statement as a sentiment analysis tool. ,"i have always appreciated a smartly written motion picture , ",1,3852
sst2,semantic,"Classify this sentence as 'positive' if it contains a positive meaning, 'negative' if it contains a negative meaning.  wo n't have any trouble getting kids to eat up these veggies ","Classify this sentence as 'positive' if it contains a positive meaning, 'negative' if it contains a negative meaning. ",wo n't have any trouble getting kids to eat up these veggies ,1,50412
sst2,semantic,"Categorize the statement as 'positive' or 'negative' based on sentiment analysis.  more revealing , more emotional and more surprising -- ",Categorize the statement as 'positive' or 'negative' based on sentiment analysis. ,"more revealing , more emotional and more surprising -- ",1,37084
sst2,semantic,Please analyze the emotion in this sentence and classify it as 'positive' or 'negative'.  for nearly three hours ,Please analyze the emotion in this sentence and classify it as 'positive' or 'negative'. ,for nearly three hours ,1,25668
sst2,semantic,"As an emotional analysis tool, respond with 'positive' or 'negative' to classify these sentences.  a saga of the ups and downs of friendships ","As an emotional analysis tool, respond with 'positive' or 'negative' to classify these sentences. ",a saga of the ups and downs of friendships ,1,58533
sst2,semantic,"As an emotional analysis tool, respond with 'positive' or 'negative' to classify these sentences.  , nickelodeon-esque kiddie flick ","As an emotional analysis tool, respond with 'positive' or 'negative' to classify these sentences. ",", nickelodeon-esque kiddie flick ",1,63044
sst2,semantic,Use sentiment analysis to classify this statement as 'positive' or 'negative'.  a powerful 1957 drama ,Use sentiment analysis to classify this statement as 'positive' or 'negative'. ,a powerful 1957 drama ,1,8317
sst2,semantic,Please use sentiment analysis to classify the text as 'positive' or 'negative'.  the pristine camerawork ,Please use sentiment analysis to classify the text as 'positive' or 'negative'. ,the pristine camerawork ,1,14604
sst2,semantic,Is that a 'positive' or a 'negative' phrase?  takes hold ,Is that a 'positive' or a 'negative' phrase? ,takes hold ,1,37500
sst2,semantic,Indicate whether the following statement is 'positive' or 'negative'.  huge-screen ,Indicate whether the following statement is 'positive' or 'negative'. ,huge-screen ,1,65262
sst2,semantic,"Under the classification of emotions, is this sentence 'positive' or 'negative'?  a man whose engaging manner and flamboyant style made him a truly larger-than-life character ","Under the classification of emotions, is this sentence 'positive' or 'negative'? ",a man whose engaging manner and flamboyant style made him a truly larger-than-life character ,1,63556
sst2,semantic,Please use sentiment analysis to classify the text as 'positive' or 'negative'.  huge-screen ,Please use sentiment analysis to classify the text as 'positive' or 'negative'. ,huge-screen ,1,65262
sst2,semantic,Use this sentence as a sentiment analysis tool and classify it as 'positive' or 'negative'.  check this one out ,Use this sentence as a sentiment analysis tool and classify it as 'positive' or 'negative'. ,check this one out ,1,66079
sst2,semantic,"As a sentiment classification tool, please determine whether this statement is 'positive' or 'negative'.  check this one out ","As a sentiment classification tool, please determine whether this statement is 'positive' or 'negative'. ",check this one out ,1,66079
sst2,semantic,"As a tool for sentiment analysis, would you say this statement is 'positive' or 'negative'?  an mtv , sugar hysteria ","As a tool for sentiment analysis, would you say this statement is 'positive' or 'negative'? ","an mtv , sugar hysteria ",1,50320
sst2,semantic,"Categorize the statement as 'positive' or 'negative', based on its emotional bent.  weighty revelations , flowery dialogue , and nostalgia for the past ","Categorize the statement as 'positive' or 'negative', based on its emotional bent. ","weighty revelations , flowery dialogue , and nostalgia for the past ",1,23316
sst2,semantic,"In the context of textual analysis, what classification is this phrase between 'positive' and 'negative'?  the campy results make mel brooks ' borscht belt schtick look sophisticated . ","In the context of textual analysis, what classification is this phrase between 'positive' and 'negative'? ",the campy results make mel brooks ' borscht belt schtick look sophisticated . ,1,45517
sst2,semantic,Please analyze the emotion in this sentence and classify it as 'positive' or 'negative'.  than indecent proposal ,Please analyze the emotion in this sentence and classify it as 'positive' or 'negative'. ,than indecent proposal ,1,41065
sst2,semantic,"As an emotional analysis tool, respond with 'positive' or 'negative' to classify these sentences.  a saga of the ups and downs of friendships ","As an emotional analysis tool, respond with 'positive' or 'negative' to classify these sentences. ",a saga of the ups and downs of friendships ,1,58533
sst2,semantic,Choose between 'positive' or 'negative' to classify this statement as a sentiment analysis tool.  independent film ,Choose between 'positive' or 'negative' to classify this statement as a sentiment analysis tool. ,independent film ,1,34364
sst2,semantic,Answer whether the statement is 'positive' or 'negative' based on sentiment analysis.  a movie with depth ,Answer whether the statement is 'positive' or 'negative' based on sentiment analysis. ,a movie with depth ,1,41591
sst2,semantic,Please use sentiment analysis to classify the text as 'positive' or 'negative'.  ingenious and ,Please use sentiment analysis to classify the text as 'positive' or 'negative'. ,ingenious and ,1,8298
sst2,semantic,"In the context of emotional analysis, what classification is this statement between 'positive' and 'negative'?  great artistic significance ","In the context of emotional analysis, what classification is this statement between 'positive' and 'negative'? ",great artistic significance ,1,56503
sst2,semantic,Use this sentence as an emotion analysis tool to classify 'positive' and 'negative'.  while the importance of being earnest offers opportunities for occasional smiles and chuckles ,Use this sentence as an emotion analysis tool to classify 'positive' and 'negative'. ,while the importance of being earnest offers opportunities for occasional smiles and chuckles ,1,6798
sst2,semantic,"Using sentiment analysis, classify the text as 'positive' or 'negative'.  as terrible as the synergistic impulse that created it ","Using sentiment analysis, classify the text as 'positive' or 'negative'. ",as terrible as the synergistic impulse that created it ,0,28585
sst2,semantic,Treat this sentence as an emotion analysis tool and categorize it as 'positive' and 'negative'.  as terrible as the synergistic impulse that created it ,Treat this sentence as an emotion analysis tool and categorize it as 'positive' and 'negative'. ,as terrible as the synergistic impulse that created it ,0,28585
sst2,semantic,"According to your sentiment analysis, would you say this comment is 'positive' or 'negative'?  a third-person story now , told by hollywood , and much more ordinary for it ","According to your sentiment analysis, would you say this comment is 'positive' or 'negative'? ","a third-person story now , told by hollywood , and much more ordinary for it ",0,62484
sst2,semantic,"Treat this sentence as an emotion analysis tool to determine whether it is 'positive' or 'negative'.  a third-person story now , told by hollywood , and much more ordinary for it ",Treat this sentence as an emotion analysis tool to determine whether it is 'positive' or 'negative'. ,"a third-person story now , told by hollywood , and much more ordinary for it ",0,62484
sst2,semantic,"As a sentiment analysis tool, please answer with 'positive' or 'negative' to classify this statement.  inadvertent ones ","As a sentiment analysis tool, please answer with 'positive' or 'negative' to classify this statement. ",inadvertent ones ,0,65058
sst2,semantic,"As a sentiment classification tool, please determine whether this statement is 'positive' or 'negative'.  disjointed ","As a sentiment classification tool, please determine whether this statement is 'positive' or 'negative'. ",disjointed ,0,57717
sst2,semantic,"Respond with 'positive' or 'negative' by categorizing whether the sentence is positive or negative.  it 'll probably be in video stores by christmas , ",Respond with 'positive' or 'negative' by categorizing whether the sentence is positive or negative. ,"it 'll probably be in video stores by christmas , ",0,60141
sst2,semantic,Please answer whether the emotion of the sentence is 'positive' or 'negative' and categorize it.  guilty about it ,Please answer whether the emotion of the sentence is 'positive' or 'negative' and categorize it. ,guilty about it ,0,56428
sst2,semantic,"Under emotional analysis, answer 'positive' or 'negative' to classify this statement.  the mystery of enigma is how a rich historical subject , combined with so much first-rate talent ... could have yielded such a flat , plodding picture . ","Under emotional analysis, answer 'positive' or 'negative' to classify this statement. ","the mystery of enigma is how a rich historical subject , combined with so much first-rate talent ... could have yielded such a flat , plodding picture . ",0,53050
sst2,semantic,"Please use sentiment analysis to classify the text as 'positive' or 'negative'.  to the filmmakers , ivan is a prince of a fellow , but he comes across as shallow and glib though not mean-spirited , and there 's no indication that he 's been responsible for putting together any movies of particular value or merit . ",Please use sentiment analysis to classify the text as 'positive' or 'negative'. ,"to the filmmakers , ivan is a prince of a fellow , but he comes across as shallow and glib though not mean-spirited , and there 's no indication that he 's been responsible for putting together any movies of particular value or merit . ",0,46829
sst2,semantic,Indicate whether the following statement is 'positive' or 'negative'.  every joke is repeated at least -- ,Indicate whether the following statement is 'positive' or 'negative'. ,every joke is repeated at least -- ,0,65607
sst2,semantic,"As a tool for sentiment analysis, would you say this statement is 'positive' or 'negative'?  guilty about it ","As a tool for sentiment analysis, would you say this statement is 'positive' or 'negative'? ",guilty about it ,0,56428
sst2,semantic,"Categorize the statement as 'positive' or 'negative', based on its emotional bent.  joyless ","Categorize the statement as 'positive' or 'negative', based on its emotional bent. ",joyless ,0,66538
sst2,semantic,How would you classify this text in terms of its emotional tone? 'positive' or 'negative'?  accompanied by the sketchiest of captions . ,How would you classify this text in terms of its emotional tone? 'positive' or 'negative'? ,accompanied by the sketchiest of captions . ,0,6489
sst2,semantic,Identify the sentiment expressed in this statement by selecting 'positive' or 'negative' as a sentiment classification tool.  take a complete moron to foul up a screen adaptation of oscar wilde 's classic satire ,Identify the sentiment expressed in this statement by selecting 'positive' or 'negative' as a sentiment classification tool. ,take a complete moron to foul up a screen adaptation of oscar wilde 's classic satire ,0,4493
sst2,semantic,Categorize the statement as 'positive' or 'negative' based on sentiment analysis.  still want my money back . ,Categorize the statement as 'positive' or 'negative' based on sentiment analysis. ,still want my money back . ,0,49068
sst2,semantic,"Classify this sentence as 'positive' if it contains positive content, 'negative' if it contains negative content.  offers no new insight ","Classify this sentence as 'positive' if it contains positive content, 'negative' if it contains negative content. ",offers no new insight ,0,34856
sst2,semantic,Respond with 'positive' or 'negative' by categorizing whether the sentence is positive or negative.  joyless ,Respond with 'positive' or 'negative' by categorizing whether the sentence is positive or negative. ,joyless ,0,66538
sst2,semantic,"Rate the following statement as 'positive' or 'negative', according to your sentiment analysis.  demonstrate how desperate the makers of this ` we 're - doing-it-for - the-cash ' sequel were ","Rate the following statement as 'positive' or 'negative', according to your sentiment analysis. ",demonstrate how desperate the makers of this ` we 're - doing-it-for - the-cash ' sequel were ,0,62148
sst2,semantic,Can this be classified as 'positive' or 'negative'?  though it pretends to expose the life of male hustlers ,Can this be classified as 'positive' or 'negative'? ,though it pretends to expose the life of male hustlers ,0,13632
sst2,semantic,"In the context of emotional analysis, what classification is this statement between 'positive' and 'negative'?  joyless ","In the context of emotional analysis, what classification is this statement between 'positive' and 'negative'? ",joyless ,0,66538
sst2,semantic,"In the context of textual analysis, what classification is this phrase between 'positive' and 'negative'?  as terrible as the synergistic impulse that created it ","In the context of textual analysis, what classification is this phrase between 'positive' and 'negative'? ",as terrible as the synergistic impulse that created it ,0,28585
sst2,semantic,Determine whether this statement has a 'positive' or 'negative' connotation.  covered earlier and much better ,Determine whether this statement has a 'positive' or 'negative' connotation. ,covered earlier and much better ,0,35226
sst2,semantic,"As a sentiment classification tool, please determine whether this statement is 'positive' or 'negative'.  offers no new insight ","As a sentiment classification tool, please determine whether this statement is 'positive' or 'negative'. ",offers no new insight ,0,34856
sst2,semantic,Categorize the statement as 'positive' or 'negative' based on sentiment analysis.  there 's a scientific law to be discerned here that producers would be well to heed ,Categorize the statement as 'positive' or 'negative' based on sentiment analysis. ,there 's a scientific law to be discerned here that producers would be well to heed ,0,30370
sst2,semantic,Please classify this sentence as 'positive' or 'negative' according to the principles of emotion analysis.  appears not to have been edited at all ,Please classify this sentence as 'positive' or 'negative' according to the principles of emotion analysis. ,appears not to have been edited at all ,0,47608
sst2,semantic,"In the context of emotional analysis, what classification is this statement between 'positive' and 'negative'?  seem like such a bore ","In the context of emotional analysis, what classification is this statement between 'positive' and 'negative'? ",seem like such a bore ,0,45012
sst2,semantic,Please judge this text as 'positive' or 'negative' according to the criteria of sentiment analysis.  guilty about it ,Please judge this text as 'positive' or 'negative' according to the criteria of sentiment analysis. ,guilty about it ,0,56428
sst2,semantic,"Classify this statement as 'positive' or 'negative', please.  inadvertent ones ","Classify this statement as 'positive' or 'negative', please. ",inadvertent ones ,0,65058
sst2,semantic,"Analyze this sentence as an emotion analysis tool to classify whether it is 'positive' or 'negative'.  are no special effects , and no hollywood endings . ",Analyze this sentence as an emotion analysis tool to classify whether it is 'positive' or 'negative'. ,"are no special effects , and no hollywood endings . ",0,3937
sst2,textbugger,Analyze the sentiment of this text and respon with 'positive' or 'negative': 2002 's first great film ,Analyze the sentiment of this text and respon with 'positive' or 'negative': ,2002 's first great film ,1,22629
sst2,textbugger,"Analyze the of this text and respond with 'positive' or 'negative': weighty revelations , flowery dialogue , and nostalgia for the past ",Analyze the of this text and respond with 'positive' or 'negative': ,"weighty revelations , flowery dialogue , and nostalgia for the past ",1,23316
sst2,textbugger,Analyze the sentiment of this text and cater with 'positive' or 'negative': the proud warrior that still lingers in the souls of these characters ,Analyze the sentiment of this text and cater with 'positive' or 'negative': ,the proud warrior that still lingers in the souls of these characters ,1,23141
sst2,textbugger,Analyze the sentiment of this text and with 'positive' or 'negative': delicious and delicately ,Analyze the sentiment of this text and with 'positive' or 'negative': ,delicious and delicately ,1,38402
sst2,textbugger,Analyze the sentiment of this text and resond with 'positive' or 'negative': wo n't have any trouble getting kids to eat up these veggies ,Analyze the sentiment of this text and resond with 'positive' or 'negative': ,wo n't have any trouble getting kids to eat up these veggies ,1,50412
sst2,textbugger,Anayze the feeling of this text and answer with 'positive' or 'negative': the campy results make mel brooks ' borscht belt schtick look sophisticated . ,Anayze the feeling of this text and answer with 'positive' or 'negative': ,the campy results make mel brooks ' borscht belt schtick look sophisticated . ,1,45517
sst2,textbugger,Anaylze the feeling of this text and answer with 'positive' or 'negative': big-hearted and frequently ,Anaylze the feeling of this text and answer with 'positive' or 'negative': ,big-hearted and frequently ,1,876
sst2,textbugger,Analyse the sntiment of this text and respond with 'positive' or 'negative': wo n't have any trouble getting kids to eat up these veggies ,Analyse the sntiment of this text and respond with 'positive' or 'negative': ,wo n't have any trouble getting kids to eat up these veggies ,1,50412
sst2,textbugger,Analyze the sentiment of this text and respod with 'positive' or 'negative': working from a surprisingly sensitive script co-written by gianni romoli ... ,Analyze the sentiment of this text and respod with 'positive' or 'negative': ,working from a surprisingly sensitive script co-written by gianni romoli ... ,1,39024
sst2,textbugger,Aalyze the feeling of this text and answer with 'positive' or 'negative': a powerful 1957 drama ,Aalyze the feeling of this text and answer with 'positive' or 'negative': ,a powerful 1957 drama ,1,8317
sst2,textbugger,"Analyze the s entiment of this text and respond with 'positive' or 'negative': i have always appreciated a smartly written motion picture , ",Analyze the s entiment of this text and respond with 'positive' or 'negative': ,"i have always appreciated a smartly written motion picture , ",1,3852
sst2,textbugger,"the sentiment of this text and respond with 'positive' or 'negative': , nickelodeon-esque kiddie flick ",the sentiment of this text and respond with 'positive' or 'negative': ,", nickelodeon-esque kiddie flick ",1,63044
sst2,textbugger,the sentiment of this text and respond with 'positive' or 'negative': distinct rarity ,the sentiment of this text and respond with 'positive' or 'negative': ,distinct rarity ,1,38917
sst2,textbugger,Analyze the of this text and respond with 'positive' or 'negative': 2002 's first great film ,Analyze the of this text and respond with 'positive' or 'negative': ,2002 's first great film ,1,22629
sst2,textbugger,Analye the feeling of this text and answer with 'positive' or 'negative': is too bad that this likable movie is n't more accomplished . ,Analye the feeling of this text and answer with 'positive' or 'negative': ,is too bad that this likable movie is n't more accomplished . ,1,65755
sst2,textbugger,"Analyze the sntiment of this text and answer with 'positive' or 'negative': an mtv , sugar hysteria ",Analyze the sntiment of this text and answer with 'positive' or 'negative': ,"an mtv , sugar hysteria ",1,50320
sst2,textbugger,Analyze the sentiment of this text and rspond with 'positive' or 'negative': the huskies are beautiful ,Analyze the sentiment of this text and rspond with 'positive' or 'negative': ,the huskies are beautiful ,1,41913
sst2,textbugger,Anlyze the feeling of this text and answer with 'positive' or 'negative': unabashedly romantic picture ,Anlyze the feeling of this text and answer with 'positive' or 'negative': ,unabashedly romantic picture ,1,13127
sst2,textbugger,"Anayze the feeling of this text and answer with 'positive' or 'negative': more revealing , more emotional and more surprising -- ",Anayze the feeling of this text and answer with 'positive' or 'negative': ,"more revealing , more emotional and more surprising -- ",1,37084
sst2,textbugger,Analyze the emotion of this text and answer with 'positive' or 'negative': a moving and weighty depiction of one family ,Analyze the emotion of this text and answer with 'positive' or 'negative': ,a moving and weighty depiction of one family ,1,22303
sst2,textbugger,Analze the sntiment of this text and respond with 'positive' or 'negative': unabashedly romantic picture ,Analze the sntiment of this text and respond with 'positive' or 'negative': ,unabashedly romantic picture ,1,13127
sst2,textbugger,"Anayze the sntiment of this text and respond with 'positive' or 'negative': a first-class , thoroughly involving b movie that effectively combines two surefire , beloved genres -- the prison flick and the fight film ",Anayze the sntiment of this text and respond with 'positive' or 'negative': ,"a first-class , thoroughly involving b movie that effectively combines two surefire , beloved genres -- the prison flick and the fight film ",1,44292
sst2,textbugger,Anayze the sntiment of this text and respond with 'positive' or 'negative': distinct rarity ,Anayze the sntiment of this text and respond with 'positive' or 'negative': ,distinct rarity ,1,38917
sst2,textbugger,Analyzing the sntiment of this text and respond with 'positive' or 'negative': wo n't have any trouble getting kids to eat up these veggies ,Analyzing the sntiment of this text and respond with 'positive' or 'negative': ,wo n't have any trouble getting kids to eat up these veggies ,1,50412
sst2,textbugger,"Anlyze the feeling of this text and answer with 'positive' or 'negative': terrific , sweaty-palmed fun ",Anlyze the feeling of this text and answer with 'positive' or 'negative': ,"terrific , sweaty-palmed fun ",1,420
sst2,textbugger,Aalyze the sntiment of this text and respond with 'positive' or 'negative': takes hold ,Aalyze the sntiment of this text and respond with 'positive' or 'negative': ,takes hold ,1,37500
sst2,textbugger,"Analyze the sentment of this text and answer with 'positive' or 'negative': an mtv , sugar hysteria ",Analyze the sentment of this text and answer with 'positive' or 'negative': ,"an mtv , sugar hysteria ",1,50320
sst2,textbugger,Analyze the sentient of this text and answer with 'positive' or 'negative': great artistic significance ,Analyze the sentient of this text and answer with 'positive' or 'negative': ,great artistic significance ,1,56503
sst2,textbugger,Analyzing the sntiment of this tet and respond with 'positive' or 'negative': takes hold ,Analyzing the sntiment of this tet and respond with 'positive' or 'negative': ,takes hold ,1,37500
sst2,textbugger,Aalyze the sntiment of this text and respond with 'positive' or 'negative': distinct rarity ,Aalyze the sntiment of this text and respond with 'positive' or 'negative': ,distinct rarity ,1,38917
sst2,textbugger,Analyze the sentmient of this text and answer with 'positive' or 'negative': obnoxious adults ,Analyze the sentmient of this text and answer with 'positive' or 'negative': ,obnoxious adults ,0,58571
sst2,textbugger,Analyze the ambience of this text and answer with 'positive' or 'negative': offers no new insight ,Analyze the ambience of this text and answer with 'positive' or 'negative': ,offers no new insight ,0,34856
sst2,textbugger,Analyze the s entiment of this text and respond with 'positive' or 'negative': appears not to have been edited at all ,Analyze the s entiment of this text and respond with 'positive' or 'negative': ,appears not to have been edited at all ,0,47608
sst2,textbugger,Analyze the sentiment of this text and with 'positive' or 'negative': clunky tv-movie approach ,Analyze the sentiment of this text and with 'positive' or 'negative': ,clunky tv-movie approach ,0,36360
sst2,textbugger,Analyze the sentimen of this text and respond with 'positive' or 'negative': hollow tribute ,Analyze the sentimen of this text and respond with 'positive' or 'negative': ,hollow tribute ,0,16706
sst2,textbugger,Analye the feeling of this text and answer with 'positive' or 'negative': take a complete moron to foul up a screen adaptation of oscar wilde 's classic satire ,Analye the feeling of this text and answer with 'positive' or 'negative': ,take a complete moron to foul up a screen adaptation of oscar wilde 's classic satire ,0,4493
sst2,textbugger,Analyze the sentiemnt of this text and respond with 'positive' or 'negative': of dumb drug jokes and predictable slapstick ,Analyze the sentiemnt of this text and respond with 'positive' or 'negative': ,of dumb drug jokes and predictable slapstick ,0,62113
sst2,textbugger,Analyzing the sntiment of this txet and respond with 'positive' or 'negative': be killed ,Analyzing the sntiment of this txet and respond with 'positive' or 'negative': ,be killed ,0,17330
sst2,textbugger,"Analysing the feeling of this text and answer with 'positive' or 'negative': it 'll probably be in video stores by christmas , ",Analysing the feeling of this text and answer with 'positive' or 'negative': ,"it 'll probably be in video stores by christmas , ",0,60141
sst2,textbugger,"Analysis the feeling of this text and answer with 'positive' or 'negative': does n't deliver a great story , nor ",Analysis the feeling of this text and answer with 'positive' or 'negative': ,"does n't deliver a great story , nor ",0,41602
sst2,textbugger,Analyzing the sntiment of this txt and respond with 'positive' or 'negative': burning ,Analyzing the sntiment of this txt and respond with 'positive' or 'negative': ,burning ,0,56833
sst2,textbugger,Analyze the sentiment of this text and with 'positive' or 'negative': take a complete moron to foul up a screen adaptation of oscar wilde 's classic satire ,Analyze the sentiment of this text and with 'positive' or 'negative': ,take a complete moron to foul up a screen adaptation of oscar wilde 's classic satire ,0,4493
sst2,textbugger,Analyze the sentimet of this text and answer with 'positive' or 'negative': exploitation film ,Analyze the sentimet of this text and answer with 'positive' or 'negative': ,exploitation film ,0,26300
sst2,textbugger,Analysis the feeling of this text and answer with 'positive' or 'negative': take a complete moron to foul up a screen adaptation of oscar wilde 's classic satire ,Analysis the feeling of this text and answer with 'positive' or 'negative': ,take a complete moron to foul up a screen adaptation of oscar wilde 's classic satire ,0,4493
sst2,textbugger,Analyze the sentment of this text and answer with 'positive' or 'negative': accompanied by the sketchiest of captions . ,Analyze the sentment of this text and answer with 'positive' or 'negative': ,accompanied by the sketchiest of captions . ,0,6489
sst2,textbugger,"Analyze the sentiment of this text and with 'positive' or 'negative': to the movie 's contrived , lame screenplay and listless direction ",Analyze the sentiment of this text and with 'positive' or 'negative': ,"to the movie 's contrived , lame screenplay and listless direction ",0,23300
sst2,textbugger,Analyzing the sntiment of this txet and respond with 'positive' or 'negative': demonstrate how desperate the makers of this ` we 're - doing-it-for - the-cash ' sequel were ,Analyzing the sntiment of this txet and respond with 'positive' or 'negative': ,demonstrate how desperate the makers of this ` we 're - doing-it-for - the-cash ' sequel were ,0,62148
sst2,textbugger,"Analyze the sentiemnt of this text and respond with 'positive' or 'negative': it 'll probably be in video stores by christmas , ",Analyze the sentiemnt of this text and respond with 'positive' or 'negative': ,"it 'll probably be in video stores by christmas , ",0,60141
sst2,textbugger,Analyzing the sntiment of this txet and respond with 'positive' or 'negative': still want my money back . ,Analyzing the sntiment of this txet and respond with 'positive' or 'negative': ,still want my money back . ,0,49068
sst2,textbugger,Analysis the feeling of this text and answer with 'positive' or 'negative': hollow tribute ,Analysis the feeling of this text and answer with 'positive' or 'negative': ,hollow tribute ,0,16706
sst2,textbugger,Analyze the mood of this text and answer with 'positive' or 'negative': combined with indoctrinated prejudice ,Analyze the mood of this text and answer with 'positive' or 'negative': ,combined with indoctrinated prejudice ,0,49851
sst2,textbugger,Aalyze the sntiment of this text and respond with 'positive' or 'negative': eight crazy nights is a total misfire . ,Aalyze the sntiment of this text and respond with 'positive' or 'negative': ,eight crazy nights is a total misfire . ,0,58847
sst2,textbugger,Analyze the vibe of this text and respond with 'positive' or 'negative': of dumb drug jokes and predictable slapstick ,Analyze the vibe of this text and respond with 'positive' or 'negative': ,of dumb drug jokes and predictable slapstick ,0,62113
sst2,textbugger,Analye the feeling of this text and answer with 'positive' or 'negative': appears not to have been edited at all ,Analye the feeling of this text and answer with 'positive' or 'negative': ,appears not to have been edited at all ,0,47608
sst2,textbugger,Analyze the sentment of this text and respond with 'positive' or 'negative': there 's a scientific law to be discerned here that producers would be well to heed ,Analyze the sentment of this text and respond with 'positive' or 'negative': ,there 's a scientific law to be discerned here that producers would be well to heed ,0,30370
sst2,textbugger,Analyzing the sntiment of this tet and respond with 'positive' or 'negative': appears not to have been edited at all ,Analyzing the sntiment of this tet and respond with 'positive' or 'negative': ,appears not to have been edited at all ,0,47608
sst2,textbugger,Analyze the sentimet of this text and answer with 'positive' or 'negative': guilty about it ,Analyze the sentimet of this text and answer with 'positive' or 'negative': ,guilty about it ,0,56428
sst2,textbugger,Analyze the sentimet of this text and respond with 'positive' or 'negative': combined with indoctrinated prejudice ,Analyze the sentimet of this text and respond with 'positive' or 'negative': ,combined with indoctrinated prejudice ,0,49851
sst2,textbugger,"Anayze the feeling of this text and answer with 'positive' or 'negative': for a guy who has waited three years with breathless anticipation for a new hal hartley movie to pore over , no such thing is a big letdown . ",Anayze the feeling of this text and answer with 'positive' or 'negative': ,"for a guy who has waited three years with breathless anticipation for a new hal hartley movie to pore over , no such thing is a big letdown . ",0,39230
sst2,textbugger,Analyzing the sntiment of this txt and respond with 'positive' or 'negative': demonstrate how desperate the makers of this ` we 're - doing-it-for - the-cash ' sequel were ,Analyzing the sntiment of this txt and respond with 'positive' or 'negative': ,demonstrate how desperate the makers of this ` we 're - doing-it-for - the-cash ' sequel were ,0,62148
sst2,textfooler,Analyze the sentiment of this text and with 'positive' or 'negative': classy ,Analyze the sentiment of this text and with 'positive' or 'negative': ,classy ,1,22810
sst2,textfooler,"Analyze the sentiment of this text and with 'positive' or 'negative': the 3-d vistas from orbit , with the space station suspended like a huge set of wind chimes over the great blue globe , are stanzas of breathtaking , awe-inspiring visual poetry . ",Analyze the sentiment of this text and with 'positive' or 'negative': ,"the 3-d vistas from orbit , with the space station suspended like a huge set of wind chimes over the great blue globe , are stanzas of breathtaking , awe-inspiring visual poetry . ",1,27247
sst2,textfooler,Analyze the sentiment of this text and with 'positive' or 'negative': a man whose engaging manner and flamboyant style made him a truly larger-than-life character ,Analyze the sentiment of this text and with 'positive' or 'negative': ,a man whose engaging manner and flamboyant style made him a truly larger-than-life character ,1,63556
sst2,textfooler,Analyze the sentiment of this and respond with 'positive' or 'negative': soulful and ,Analyze the sentiment of this and respond with 'positive' or 'negative': ,soulful and ,1,60108
sst2,textfooler,Analyze the sentiment of this and respond with 'positive' or 'negative': delicious and delicately ,Analyze the sentiment of this and respond with 'positive' or 'negative': ,delicious and delicately ,1,38402
sst2,textfooler,the sentiment of this text and respond with 'positive' or 'negative': the proud warrior that still lingers in the souls of these characters ,the sentiment of this text and respond with 'positive' or 'negative': ,the proud warrior that still lingers in the souls of these characters ,1,23141
sst2,textfooler,"the sentiment of this text and respond with 'positive' or 'negative': weighty revelations , flowery dialogue , and nostalgia for the past ",the sentiment of this text and respond with 'positive' or 'negative': ,"weighty revelations , flowery dialogue , and nostalgia for the past ",1,23316
sst2,textfooler,Analyze the sentiment of this and respond with 'positive' or 'negative': a movie with depth ,Analyze the sentiment of this and respond with 'positive' or 'negative': ,a movie with depth ,1,41591
sst2,textfooler,the sentiment of this text and respond with 'positive' or 'negative': the pristine camerawork ,the sentiment of this text and respond with 'positive' or 'negative': ,the pristine camerawork ,1,14604
sst2,textfooler,the sentiment of this text and respond with 'positive' or 'negative': is too bad that this likable movie is n't more accomplished . ,the sentiment of this text and respond with 'positive' or 'negative': ,is too bad that this likable movie is n't more accomplished . ,1,65755
sst2,textfooler,the sentiment of this text and respond with 'positive' or 'negative': independent film ,the sentiment of this text and respond with 'positive' or 'negative': ,independent film ,1,34364
sst2,textfooler,Analyze the sentiment of this and respond with 'positive' or 'negative': be fruitful ,Analyze the sentiment of this and respond with 'positive' or 'negative': ,be fruitful ,1,27449
sst2,textfooler,"Analyze the sentiment of this and respond with 'positive' or 'negative': the 3-d vistas from orbit , with the space station suspended like a huge set of wind chimes over the great blue globe , are stanzas of breathtaking , awe-inspiring visual poetry . ",Analyze the sentiment of this and respond with 'positive' or 'negative': ,"the 3-d vistas from orbit , with the space station suspended like a huge set of wind chimes over the great blue globe , are stanzas of breathtaking , awe-inspiring visual poetry . ",1,27247
sst2,textfooler,"the sentiment of this text and respond with 'positive' or 'negative': with results that are sometimes bracing , sometimes baffling and quite often , and in unexpected ways , touching ",the sentiment of this text and respond with 'positive' or 'negative': ,"with results that are sometimes bracing , sometimes baffling and quite often , and in unexpected ways , touching ",1,37996
sst2,textfooler,the sentiment of this text and respond with 'positive' or 'negative': showcases tom hanks as a depression era hit-man in this dark tale of revenge ,the sentiment of this text and respond with 'positive' or 'negative': ,showcases tom hanks as a depression era hit-man in this dark tale of revenge ,1,44098
sst2,textfooler,Analyze the sentiment of this text and respond with 'positive' or 'negative': what does n't this film have that an impressionable kid could n't stand to hear ? ,Analyze the sentiment of this text and respond with 'positive' or 'negative': ,what does n't this film have that an impressionable kid could n't stand to hear ? ,1,51288
sst2,textfooler,"Analyze the sentiment of this text and respond with 'positive' or 'negative': acceptable , occasionally very enjoyable ",Analyze the sentiment of this text and respond with 'positive' or 'negative': ,"acceptable , occasionally very enjoyable ",1,1553
sst2,textfooler,Analyze the of this text and respond with 'positive' or 'negative': ingenious and ,Analyze the of this text and respond with 'positive' or 'negative': ,ingenious and ,1,8298
sst2,textfooler,the sentiment of this text and respond with 'positive' or 'negative': for nearly three hours ,the sentiment of this text and respond with 'positive' or 'negative': ,for nearly three hours ,1,25668
sst2,textfooler,"Analyze the sentiment of this and respond with 'positive' or 'negative': outrageous , ingenious ",Analyze the sentiment of this and respond with 'positive' or 'negative': ,"outrageous , ingenious ",1,49910
sst2,textfooler,Analyze the sentiment of this text and respond with 'positive' or 'negative': independent film ,Analyze the sentiment of this text and respond with 'positive' or 'negative': ,independent film ,1,34364
sst2,textfooler,Analyze the sentiment of this text and respond with 'positive' or 'negative': a saga of the ups and downs of friendships ,Analyze the sentiment of this text and respond with 'positive' or 'negative': ,a saga of the ups and downs of friendships ,1,58533
sst2,textfooler,the sentiment of this text and respond with 'positive' or 'negative': stevens ' vibrant creative instincts ,the sentiment of this text and respond with 'positive' or 'negative': ,stevens ' vibrant creative instincts ,1,6824
sst2,textfooler,"Analyze the sentiment of this and respond with 'positive' or 'negative': weighty revelations , flowery dialogue , and nostalgia for the past ",Analyze the sentiment of this and respond with 'positive' or 'negative': ,"weighty revelations , flowery dialogue , and nostalgia for the past ",1,23316
sst2,textfooler,"Analyze the of this text and respond with 'positive' or 'negative': sly , sophisticated and surprising . ",Analyze the of this text and respond with 'positive' or 'negative': ,"sly , sophisticated and surprising . ",1,43207
sst2,textfooler,"the sentiment of this text and respond with 'positive' or 'negative': with drama , romance , tragedy , bravery , political intrigue , partisans and sabotage ",the sentiment of this text and respond with 'positive' or 'negative': ,"with drama , romance , tragedy , bravery , political intrigue , partisans and sabotage ",1,34820
sst2,textfooler,Analyze the sentiment of this text and respond with 'positive' or 'negative': takes hold ,Analyze the sentiment of this text and respond with 'positive' or 'negative': ,takes hold ,1,37500
sst2,textfooler,Analyze the of this text and respond with 'positive' or 'negative': than indecent proposal ,Analyze the of this text and respond with 'positive' or 'negative': ,than indecent proposal ,1,41065
sst2,textfooler,Analyze the sentiment of this text and with 'positive' or 'negative': showcases tom hanks as a depression era hit-man in this dark tale of revenge ,Analyze the sentiment of this text and with 'positive' or 'negative': ,showcases tom hanks as a depression era hit-man in this dark tale of revenge ,1,44098
sst2,textfooler,Analyze the sentiment of this text and with 'positive' or 'negative': for nearly three hours ,Analyze the sentiment of this text and with 'positive' or 'negative': ,for nearly three hours ,1,25668
sst2,textfooler,the sentiment of this text and respond with 'positive' or 'negative': every joke is repeated at least -- ,the sentiment of this text and respond with 'positive' or 'negative': ,every joke is repeated at least -- ,0,65607
sst2,textfooler,Analyze the sentiment of this and respond with 'positive' or 'negative': no-surprise series ,Analyze the sentiment of this and respond with 'positive' or 'negative': ,no-surprise series ,0,53554
sst2,textfooler,"Analyze the sentiment of this text and with 'positive' or 'negative': amy and matthew have a bit of a phony relationship , but ",Analyze the sentiment of this text and with 'positive' or 'negative': ,"amy and matthew have a bit of a phony relationship , but ",0,17387
sst2,textfooler,Analyze the sentiment of this text and with 'positive' or 'negative': offers no new insight ,Analyze the sentiment of this text and with 'positive' or 'negative': ,offers no new insight ,0,34856
sst2,textfooler,"Analyze the sentiment of this text and with 'positive' or 'negative': are no special effects , and no hollywood endings . ",Analyze the sentiment of this text and with 'positive' or 'negative': ,"are no special effects , and no hollywood endings . ",0,3937
sst2,textfooler,Analyze the sentiment of this text and respond with 'positive' or 'negative': offers no new insight ,Analyze the sentiment of this text and respond with 'positive' or 'negative': ,offers no new insight ,0,34856
sst2,textfooler,Analyze the of this text and respond with 'positive' or 'negative': seem like such a bore ,Analyze the of this text and respond with 'positive' or 'negative': ,seem like such a bore ,0,45012
sst2,textfooler,Analyze the sentiment of this text and with 'positive' or 'negative': clunky tv-movie approach ,Analyze the sentiment of this text and with 'positive' or 'negative': ,clunky tv-movie approach ,0,36360
sst2,textfooler,the sentiment of this text and respond with 'positive' or 'negative': no-surprise series ,the sentiment of this text and respond with 'positive' or 'negative': ,no-surprise series ,0,53554
sst2,textfooler,Analyze the sentiment of this text and with 'positive' or 'negative': exploitation film ,Analyze the sentiment of this text and with 'positive' or 'negative': ,exploitation film ,0,26300
sst2,textfooler,"the sentiment of this text and respond with 'positive' or 'negative': are no special effects , and no hollywood endings . ",the sentiment of this text and respond with 'positive' or 'negative': ,"are no special effects , and no hollywood endings . ",0,3937
sst2,textfooler,Analyze the of this text and respond with 'positive' or 'negative': burning ,Analyze the of this text and respond with 'positive' or 'negative': ,burning ,0,56833
sst2,textfooler,Analyze the sentiment of this and respond with 'positive' or 'negative': offers no new insight ,Analyze the sentiment of this and respond with 'positive' or 'negative': ,offers no new insight ,0,34856
sst2,textfooler,"the sentiment of this text and respond with 'positive' or 'negative': for a guy who has waited three years with breathless anticipation for a new hal hartley movie to pore over , no such thing is a big letdown . ",the sentiment of this text and respond with 'positive' or 'negative': ,"for a guy who has waited three years with breathless anticipation for a new hal hartley movie to pore over , no such thing is a big letdown . ",0,39230
sst2,textfooler,"Analyze the sentiment of this text and respond with 'positive' or 'negative': it 'll probably be in video stores by christmas , ",Analyze the sentiment of this text and respond with 'positive' or 'negative': ,"it 'll probably be in video stores by christmas , ",0,60141
sst2,textfooler,Analyze the sentiment of this and respond with 'positive' or 'negative': be killed ,Analyze the sentiment of this and respond with 'positive' or 'negative': ,be killed ,0,17330
sst2,textfooler,the sentiment of this text and respond with 'positive' or 'negative': hollow tribute ,the sentiment of this text and respond with 'positive' or 'negative': ,hollow tribute ,0,16706
sst2,textfooler,Analyze the sentiment of this and respond with 'positive' or 'negative': still want my money back . ,Analyze the sentiment of this and respond with 'positive' or 'negative': ,still want my money back . ,0,49068
sst2,textfooler,Analyze the sentiment of this text and with 'positive' or 'negative': no-surprise series ,Analyze the sentiment of this text and with 'positive' or 'negative': ,no-surprise series ,0,53554
sst2,textfooler,the sentiment of this text and respond with 'positive' or 'negative': guilty about it ,the sentiment of this text and respond with 'positive' or 'negative': ,guilty about it ,0,56428
sst2,textfooler,"Analyze the sentiment of this and respond with 'positive' or 'negative': does n't deliver a great story , nor ",Analyze the sentiment of this and respond with 'positive' or 'negative': ,"does n't deliver a great story , nor ",0,41602
sst2,textfooler,the sentiment of this text and respond with 'positive' or 'negative': is unconvincing soap opera that tornatore was right to cut . ,the sentiment of this text and respond with 'positive' or 'negative': ,is unconvincing soap opera that tornatore was right to cut . ,0,39091
sst2,textfooler,Analyze the sentiment of this text and respond with 'positive' or 'negative': covered earlier and much better ,Analyze the sentiment of this text and respond with 'positive' or 'negative': ,covered earlier and much better ,0,35226
sst2,textfooler,Analyze the sentiment of this text and respond with 'positive' or 'negative': every joke is repeated at least -- ,Analyze the sentiment of this text and respond with 'positive' or 'negative': ,every joke is repeated at least -- ,0,65607
sst2,textfooler,Analyze the sentiment of this text and with 'positive' or 'negative': appears not to have been edited at all ,Analyze the sentiment of this text and with 'positive' or 'negative': ,appears not to have been edited at all ,0,47608
sst2,textfooler,Analyze the sentiment of this text and respond with 'positive' or 'negative': be killed ,Analyze the sentiment of this text and respond with 'positive' or 'negative': ,be killed ,0,17330
sst2,textfooler,Analyze the of this text and respond with 'positive' or 'negative': guilty about it ,Analyze the of this text and respond with 'positive' or 'negative': ,guilty about it ,0,56428
sst2,textfooler,Analyze the sentiment of this text and respond with 'positive' or 'negative': exploitation film ,Analyze the sentiment of this text and respond with 'positive' or 'negative': ,exploitation film ,0,26300
sst2,textfooler,the sentiment of this text and respond with 'positive' or 'negative': there 's a scientific law to be discerned here that producers would be well to heed ,the sentiment of this text and respond with 'positive' or 'negative': ,there 's a scientific law to be discerned here that producers would be well to heed ,0,30370
sst2,textfooler,Analyze the of this text and respond with 'positive' or 'negative': demonstrate how desperate the makers of this ` we 're - doing-it-for - the-cash ' sequel were ,Analyze the of this text and respond with 'positive' or 'negative': ,demonstrate how desperate the makers of this ` we 're - doing-it-for - the-cash ' sequel were ,0,62148
